-- phpMyAdmin SQL Dump
-- version 5.1.1
-- https://www.phpmyadmin.net/
--
-- Host: 127.0.0.1
-- Generation Time: Mar 11, 2022 at 12:48 AM
-- Server version: 10.4.21-MariaDB
-- PHP Version: 8.0.11

SET SQL_MODE = "NO_AUTO_VALUE_ON_ZERO";
START TRANSACTION;
SET time_zone = "+00:00";


/*!40101 SET @OLD_CHARACTER_SET_CLIENT=@@CHARACTER_SET_CLIENT */;
/*!40101 SET @OLD_CHARACTER_SET_RESULTS=@@CHARACTER_SET_RESULTS */;
/*!40101 SET @OLD_COLLATION_CONNECTION=@@COLLATION_CONNECTION */;
/*!40101 SET NAMES utf8mb4 */;

--
-- Database: `terra_firma_assessmentdb`
--

DELIMITER $$
--
-- Procedures
--
CREATE DEFINER=`root`@`localhost` PROCEDURE `get24MeterEnergyCostSummary` (IN `pmeterid` INT)  READS SQL DATA
    SQL SECURITY INVOKER
SELECT
	HOUR(mv.t_stamp) +1 AS hours,
    mv.t_stamp,
    
    mv.meter_id,
    mv.meter_name,
    mv.kwh,
    mv.cost,
    ROUND(MIN(mv.cost), 3) as min_cost,
    ROUND(MAX(mv.cost), 3) AS max_cost,
    ROUND(AVG(mv.cost), 3) AS avgcost, 
    SUM(mv.cost) as total_cost, 
    ROUND(MIN(mv.kwh), 3 )as min_kwh,
    ROUND(MAX(mv.kwh), 3) AS max_kwh,
    ROUND(AVG(mv.kwh), 3) AS avgkwh,
    SUM(mv.kwh) AS total_kwh
FROM
    meter_data_view mv
WHERE
    mv.meter_id = pmeterid
GROUP BY
    HOUR(mv.t_stamp)$$

CREATE DEFINER=`root`@`localhost` PROCEDURE `getDailyMeterCost` ()  SELECT
    meter_data_view.meter_id,
    meter_data_view.meter_name,
    meter_data_view.t_stamp - INTERVAL EXTRACT(
        MINUTE
    FROM
        meter_data_view.t_stamp
    ) MINUTE - INTERVAL EXTRACT(
        SECOND
    FROM
        meter_data_view.t_stamp
    ) SECOND AS datehour,
    ROUND(MIN(meter_data_view.cost),
    3) AS mincost,
    ROUND(MAX(meter_data_view.cost),
    3) AS maxcost,    
    ROUND(AVG(meter_data_view.cost),
    3) AS avgcost,
    SUM(meter_data_view.cost) AS total_cost
FROM
    meter_data_view
GROUP BY
    meter_name$$

CREATE DEFINER=`root`@`localhost` PROCEDURE `getDailyMeterKwhProduced` ()  READS SQL DATA
SELECT meter_id, meter_name , t_stamp
     - INTERVAL EXTRACT(MINUTE FROM t_stamp) MINUTE
     - INTERVAL EXTRACT(SECOND FROM t_stamp) SECOND AS datehour,
      ROUND(MIN(meter_data_view.kwh), 3) as minkwh,      
      ROUND(MAX(meter_data_view.kwh), 3) as maxkwh, 
      ROUND(AVG(meter_data_view.kwh), 3) as avgkwh ,
      SUM(meter_data_view.kwh) as total
	FROM  meter_data_view
   GROUP BY meter_name$$

DELIMITER ;

-- --------------------------------------------------------

--
-- Table structure for table `hibernate_sequence`
--

CREATE TABLE `hibernate_sequence` (
  `next_val` bigint(20) DEFAULT NULL
) ENGINE=InnoDB DEFAULT CHARSET=utf8mb4;

--
-- Dumping data for table `hibernate_sequence`
--

INSERT INTO `hibernate_sequence` (`next_val`) VALUES
(8);

-- --------------------------------------------------------

--
-- Table structure for table `meter`
--

CREATE TABLE `meter` (
  `meter_id` int(11) NOT NULL,
  `meter_name` varchar(40) NOT NULL
) ENGINE=InnoDB DEFAULT CHARSET=utf8mb4;

--
-- Dumping data for table `meter`
--

INSERT INTO `meter` (`meter_id`, `meter_name`) VALUES
(4222, 'MeterA'),
(4582, 'MeterG'),
(5117, 'MeterB'),
(7746, 'MeterR');

-- --------------------------------------------------------

--
-- Table structure for table `meter_daily_summary`
--

CREATE TABLE `meter_daily_summary` (
  `id` int(11) NOT NULL,
  `t_stamp` datetime NOT NULL,
  `meter_id` int(11) NOT NULL,
  `impwh` varchar(40) NOT NULL,
  `expwh` varchar(40) NOT NULL,
  `q1varh` varchar(40) NOT NULL,
  `q2varh` varchar(40) NOT NULL,
  `q3varh` varchar(40) NOT NULL,
  `q4varh` varchar(40) NOT NULL,
  `vah` varchar(40) NOT NULL,
  `ptot` varchar(40) NOT NULL,
  `qtot` varchar(40) NOT NULL,
  `stot` varchar(40) NOT NULL,
  `difference_imp_kwh` varchar(40) NOT NULL,
  `difference_exp_kwh` varchar(40) NOT NULL,
  `expkvarh` varchar(40) NOT NULL,
  `impkvarh` varchar(40) NOT NULL,
  `derived_data` varchar(40) NOT NULL,
  `epoch_tstamp` varchar(40) NOT NULL,
  `kwh` varchar(40) NOT NULL,
  `rate_per_kwh` varchar(40) NOT NULL,
  `cost` varchar(40) NOT NULL
) ENGINE=InnoDB DEFAULT CHARSET=utf8mb4;

--
-- Dumping data for table `meter_daily_summary`
--

INSERT INTO `meter_daily_summary` (`id`, `t_stamp`, `meter_id`, `impwh`, `expwh`, `q1varh`, `q2varh`, `q3varh`, `q4varh`, `vah`, `ptot`, `qtot`, `stot`, `difference_imp_kwh`, `difference_exp_kwh`, `expkvarh`, `impkvarh`, `derived_data`, `epoch_tstamp`, `kwh`, `rate_per_kwh`, `cost`) VALUES
(2, '2019-06-01 23:55:00', 4222, '20,302', '154082547,4', '0', '333,248', '2,370,717.72', '162,273.64', '0', '0', '-145,305', '4186,926', '', '339,281', '12,115', '0', '', '1559426109', '339,281', '0,9', '305,3529'),
(3, '2019-06-01 23:55:00', 5117, '19222,92', '509395955,4', '408,5', '8257553,54', '496,3', '', '0', '-19261,04', '-390,153', '19650,861', '0', '1605,078', '32,513', '0', '0', '1559426109', '1605,078', '0,9', '1444,5702');

-- --------------------------------------------------------

--
-- Table structure for table `meter_data`
--

CREATE TABLE `meter_data` (
  `id` int(11) NOT NULL,
  `t_stamp` datetime NOT NULL,
  `meter_id` int(11) NOT NULL,
  `impwh` varchar(40) NOT NULL,
  `expwh` varchar(40) NOT NULL,
  `q1varh` varchar(40) NOT NULL,
  `q2varh` varchar(40) NOT NULL,
  `q3varh` varchar(40) NOT NULL,
  `q4varh` varchar(40) NOT NULL,
  `vah` varchar(40) NOT NULL,
  `ptot` varchar(40) NOT NULL,
  `qtot` varchar(40) NOT NULL,
  `stot` varchar(40) NOT NULL,
  `difference_imp_kwh` varchar(40) NOT NULL,
  `difference_exp_kwh` varchar(40) NOT NULL,
  `expkvarh` varchar(40) NOT NULL,
  `impkvarh` varchar(40) NOT NULL,
  `derived_data` varchar(40) NOT NULL,
  `epoch_tstamp` varchar(40) NOT NULL,
  `kwh` varchar(40) NOT NULL,
  `rate_per_kwh` varchar(40) NOT NULL,
  `cost` varchar(40) NOT NULL
) ENGINE=InnoDB DEFAULT CHARSET=utf8mb4;

--
-- Dumping data for table `meter_data`
--

INSERT INTO `meter_data` (`id`, `t_stamp`, `meter_id`, `impwh`, `expwh`, `q1varh`, `q2varh`, `q3varh`, `q4varh`, `vah`, `ptot`, `qtot`, `stot`, `difference_imp_kwh`, `difference_exp_kwh`, `expkvarh`, `impkvarh`, `derived_data`, `epoch_tstamp`, `kwh`, `rate_per_kwh`, `cost`) VALUES
(4, '2019-06-01 00:15:00', 4222, '20,302', '153743341,3', '0', '333,248', '2,358,851.12', '162,273.64', '0', '0', '-0,725', '0,725', '0', '0', '0,06', '0', '0', '1,559,340,908', '0', '0,9', '0'),
(5, '2019-06-01 00:20:00', 4222, '20,302', '153743341,3', '0', '333,248', '2,358,911.88', '162,273.64', '0', '0', '-0,727', '0,727', '0', '0', '0,061', '0', '0', '1,559,341,209', '0', '0,9', '0'),
(6, '2019-06-01 00:25:00', 4222, '20,302', '153743341,3', '0', '333,248', '2,358,973', '162,273.64', '0', '0', '-0,736', '0,736', '0', '0', '0,061', '0', '0', '1,559,341,508', '0', '0,9', '0'),
(7, '2019-06-01 00:30:00', 4222, '20,302', '153743341,3', '0', '333,248', '2,359,033.24', '162,273.64', '0', '0', '-0,723', '0,723', '0', '0', '0,06', '0', '0', '1,559,341,808', '0', '0,9', '0'),
(8, '2019-06-01 00:35:00', 4222, '20,302', '153743341,3', '0', '333,248', '2,359,094.16', '162,273.64', '0', '0', '-0,731', '0,731', '0', '0', '0,061', '0', '0', '1,559,342,108', '0', '0,9', '0'),
(9, '2019-06-01 00:40:00', 4222, '20,302', '153743341,3', '0', '333,248', '2,359,154.92', '162,273.64', '0', '0', '-0,729', '0,729', '0', '0', '0,061', '0', '0', '1,559,342,408', '0', '0,9', '0'),
(10, '2019-06-01 00:45:00', 4222, '20,302', '153743341,3', '0', '333,248', '2,359,216.04', '162,273.64', '0', '0', '-0,731', '0,731', '0', '0', '0,061', '0', '0', '1,559,342,709', '0', '0,9', '0'),
(11, '2019-06-01 00:50:00', 4222, '20,302', '153743341,3', '0', '333,248', '2,359,277.6', '162,273.64', '0', '0', '-0,741', '0,741', '0', '0', '0,062', '0', '0', '1,559,343,008', '0', '0,9', '0'),
(12, '2019-06-01 00:55:00', 4222, '20,302', '153743341,3', '0', '333,248', '2,359,338.96', '162,273.64', '0', '0', '-0,736', '0,736', '0', '0', '0,061', '0', '0', '1,559,343,308', '0', '0,9', '0'),
(13, '2019-06-01 01:00:00', 4222, '20,302', '153743341,3', '0', '333,248', '2,359,400.64', '162,273.64', '0', '0', '-0,74', '0,74', '0', '0', '0,062', '0', '0', '1,559,343,608', '0', '0,9', '0'),
(14, '2019-06-01 01:05:00', 4222, '20,302', '153743341,3', '0', '333,248', '2,359,461.92', '162,273.64', '0', '0', '-0,733', '0,733', '0', '0', '0,061', '0', '0', '1,559,343,909', '0', '0,9', '0'),
(15, '2019-06-01 01:10:00', 4222, '20,302', '153743341,3', '0', '333,248', '2,359,522.64', '162,273.64', '0', '0', '-0,731', '0,731', '0', '0', '0,061', '0', '0', '1,559,344,208', '0', '0,9', '0'),
(16, '2019-06-01 01:15:00', 4222, '20,302', '153743341,3', '0', '333,248', '2,359,583.96', '162,273.64', '0', '0', '-0,733', '0,733', '0', '0', '0,061', '0', '0', '1,559,344,509', '0', '0,9', '0'),
(17, '2019-06-01 01:20:00', 4222, '20,302', '153743341,3', '0', '333,248', '2,359,644.92', '162,273.64', '0', '0', '-0,734', '0,734', '0', '0', '0,061', '0', '0', '1,559,344,808', '0', '0,9', '0'),
(18, '2019-06-01 01:25:00', 4222, '20,302', '153743341,3', '0', '333,248', '2,359,706.48', '162,273.64', '0', '0', '-0,739', '0,739', '0', '0', '0,062', '0', '0', '1,559,345,108', '0', '0,9', '0'),
(19, '2019-06-01 01:30:00', 4222, '20,302', '153743341,3', '0', '333,248', '2,359,767.48', '162,273.64', '0', '0', '-0,732', '0,732', '0', '0', '0,061', '0', '0', '1,559,345,408', '0', '0,9', '0'),
(20, '2019-06-01 01:35:00', 4222, '20,302', '153743341,3', '0', '333,248', '2,359,829.16', '162,273.64', '0', '0', '-0,74', '0,74', '0', '0', '0,062', '0', '0', '1,559,345,708', '0', '0,9', '0'),
(21, '2019-06-01 01:40:00', 4222, '20,302', '153743341,3', '0', '333,248', '2,359,890.6', '162,273.64', '0', '0', '-0,737', '0,737', '0', '0', '0,061', '0', '0', '1,559,346,008', '0', '0,9', '0'),
(22, '2019-06-01 01:45:00', 4222, '20,302', '153743341,3', '0', '333,248', '2,359,952', '162,273.64', '0', '0', '-0,737', '0,737', '0', '0', '0,061', '0', '0', '1,559,346,308', '0', '0,9', '0'),
(23, '2019-06-01 01:50:00', 4222, '20,302', '153743341,3', '0', '333,248', '2,360,013.24', '162,273.64', '0', '0', '-0,735', '0,735', '0', '0', '0,061', '0', '0', '1,559,346,608', '0', '0,9', '0'),
(24, '2019-06-01 01:55:00', 4222, '20,302', '153743341,3', '0', '333,248', '2,360,074.88', '162,273.64', '0', '0', '-0,737', '0,737', '0', '0', '0,062', '0', '0', '1,559,346,909', '0', '0,9', '0'),
(25, '2019-06-01 02:00:00', 4222, '20,302', '153743341,3', '0', '333,248', '2,360,136.28', '162,273.64', '0', '0', '-0,739', '0,739', '0', '0', '0,061', '0', '0', '1,559,347,208', '0', '0,9', '0'),
(26, '2019-06-01 02:05:00', 4222, '20,302', '153743341,3', '0', '333,248', '2,360,197.84', '162,273.64', '0', '0', '-0,739', '0,739', '0', '0', '0,062', '0', '0', '1,559,347,508', '0', '0,9', '0'),
(27, '2019-06-01 02:10:00', 4222, '20,302', '153743341,3', '0', '333,248', '2,360,259.08', '162,273.64', '0', '0', '-0,735', '0,735', '0', '0', '0,061', '0', '0', '1,559,347,808', '0', '0,9', '0'),
(28, '2019-06-01 02:15:00', 4222, '20,302', '153743341,3', '0', '333,248', '2,360,320.84', '162,273.64', '0', '0', '-0,741', '0,741', '0', '0', '0,062', '0', '0', '1,559,348,108', '0', '0,9', '0'),
(29, '2019-06-01 02:20:00', 4222, '20,302', '153743341,3', '0', '333,248', '2,360,382.8', '162,273.64', '0', '0', '-0,741', '0,741', '0', '0', '0,062', '0', '0', '1,559,348,409', '0', '0,9', '0'),
(30, '2019-06-01 02:25:00', 4222, '20,302', '153743341,3', '0', '333,248', '2,360,443.92', '162,273.64', '0', '0', '-0,736', '0,736', '0', '0', '0,061', '0', '0', '1,559,348,708', '0', '0,9', '0'),
(31, '2019-06-01 02:30:00', 4222, '20,302', '153743341,3', '0', '333,248', '2,360,505.48', '162,273.64', '0', '0', '-0,739', '0,739', '0', '0', '0,062', '0', '0', '1,559,349,008', '0', '0,9', '0'),
(32, '2019-06-01 02:35:00', 4222, '20,302', '153743341,3', '0', '333,248', '2,360,566.84', '162,273.64', '0', '0', '-0,736', '0,736', '0', '0', '0,061', '0', '0', '1,559,349,308', '0', '0,9', '0'),
(33, '2019-06-01 02:40:00', 4222, '20,302', '153743341,3', '0', '333,248', '2,360,628', '162,273.64', '0', '0', '-0,734', '0,734', '0', '0', '0,061', '0', '0', '1,559,349,608', '0', '0,9', '0'),
(34, '2019-06-01 02:45:00', 4222, '20,302', '153743341,3', '0', '333,248', '2,360,689.2', '162,273.64', '0', '0', '-0,734', '0,734', '0', '0', '0,061', '0', '0', '1,559,349,908', '0', '0,9', '0'),
(35, '2019-06-01 02:50:00', 4222, '20,302', '153743341,3', '0', '333,248', '2,360,750.48', '162,273.64', '0', '0', '-0,733', '0,733', '0', '0', '0,061', '0', '0', '1,559,350,209', '0', '0,9', '0'),
(36, '2019-06-01 02:55:00', 4222, '20,302', '153743341,3', '0', '333,248', '2,360,811.44', '162,273.64', '0', '0', '-0,732', '0,732', '0', '0', '0,061', '0', '0', '1,559,350,509', '0', '0,9', '0'),
(37, '2019-06-01 03:00:00', 4222, '20,302', '153743341,3', '0', '333,248', '2,360,872.04', '162,273.64', '0', '0', '-0,73', '0,73', '0', '0', '0,061', '0', '0', '1,559,350,808', '0', '0,9', '0'),
(38, '2019-06-01 03:05:00', 4222, '20,302', '153743341,3', '0', '333,248', '2,360,932.72', '162,273.64', '0', '0', '-0,728', '0,728', '0', '0', '0,061', '0', '0', '1,559,351,108', '0', '0,9', '0'),
(39, '2019-06-01 03:10:00', 4222, '20,302', '153743341,3', '0', '333,248', '2,360,993.2', '162,273.64', '0', '0', '-0,726', '0,726', '0', '0', '0,061', '0', '0', '1,559,351,408', '0', '0,9', '0'),
(40, '2019-06-01 03:15:00', 4222, '20,302', '153743341,3', '0', '333,248', '2,361,054.08', '162,273.64', '0', '0', '-0,731', '0,731', '0', '0', '0,061', '0', '0', '1,559,351,708', '0', '0,9', '0'),
(41, '2019-06-01 03:20:00', 4222, '20,302', '153743341,3', '0', '333,248', '2,361,115.12', '162,273.64', '0', '0', '-0,735', '0,735', '0', '0', '0,061', '0', '0', '1,559,352,007', '0', '0,9', '0'),
(42, '2019-06-01 03:25:00', 4222, '20,302', '153743341,3', '0', '333,248', '2,361,176.48', '162,273.64', '0', '0', '-0,734', '0,734', '0', '0', '0,061', '0', '0', '1,559,352,308', '0', '0,9', '0'),
(43, '2019-06-01 03:30:00', 4222, '20,302', '153743341,3', '0', '333,248', '2,361,237.92', '162,273.64', '0', '0', '-0,735', '0,735', '0', '0', '0,061', '0', '0', '1,559,352,609', '0', '0,9', '0'),
(44, '2019-06-01 03:35:00', 4222, '20,302', '153743341,3', '0', '333,248', '2,361,298.72', '162,273.64', '0', '0', '-0,732', '0,732', '0', '0', '0,061', '0', '0', '1,559,352,908', '0', '0,9', '0'),
(45, '2019-06-01 03:40:00', 4222, '20,302', '153743341,3', '0', '333,248', '2,361,359.76', '162,273.64', '0', '0', '-0,73', '0,73', '0', '0', '0,061', '0', '0', '1,559,353,209', '0', '0,9', '0'),
(46, '2019-06-01 03:45:00', 4222, '20,302', '153743341,3', '0', '333,248', '2,361,420.6', '162,273.64', '0', '0', '-0,733', '0,733', '0', '0', '0,061', '0', '0', '1,559,353,508', '0', '0,9', '0'),
(47, '2019-06-01 03:50:00', 4222, '20,302', '153743341,3', '0', '333,248', '2,361,481.52', '162,273.64', '0', '0', '-0,731', '0,731', '0', '0', '0,061', '0', '0', '1,559,353,808', '0', '0,9', '0'),
(48, '2019-06-01 03:55:00', 4222, '20,302', '153743341,3', '0', '333,248', '2,361,542.72', '162,273.64', '0', '0', '-0,732', '0,732', '0', '0', '0,061', '0', '0', '1,559,354,109', '0', '0,9', '0'),
(49, '2019-06-01 04:00:00', 4222, '20,302', '153743341,3', '0', '333,248', '2,361,603.92', '162,273.64', '0', '0', '-0,737', '0,737', '0', '0', '0,061', '0', '0', '1,559,354,408', '0', '0,9', '0'),
(50, '2019-06-01 04:05:00', 4222, '20,302', '153743341,3', '0', '333,248', '2,361,664.88', '162,273.64', '0', '0', '-0,732', '0,732', '0', '0', '0,061', '0', '0', '1,559,354,708', '0', '0,9', '0'),
(51, '2019-06-01 04:10:00', 4222, '20,302', '153743341,3', '0', '333,248', '2,361,725.92', '162,273.64', '0', '0', '-0,73', '0,73', '0', '0', '0,061', '0', '0', '1,559,355,009', '0', '0,9', '0'),
(52, '2019-06-01 04:15:00', 4222, '20,302', '153743341,3', '0', '333,248', '2,361,786.24', '162,273.64', '0', '0', '-0,726', '0,726', '0', '0', '0,06', '0', '0', '1,559,355,308', '0', '0,9', '0'),
(53, '2019-06-01 04:20:00', 4222, '20,302', '153743341,3', '0', '333,248', '2,361,847.68', '162,273.64', '0', '0', '-0,737', '0,737', '0', '0', '0,061', '0', '0', '1,559,355,608', '0', '0,9', '0'),
(54, '2019-06-01 04:25:00', 4222, '20,302', '153743341,3', '0', '333,248', '2,361,909.28', '162,273.64', '0', '0', '-0,739', '0,739', '0', '0', '0,062', '0', '0', '1,559,355,908', '0', '0,9', '0'),
(55, '2019-06-01 04:30:00', 4222, '20,302', '153743341,3', '0', '333,248', '2,361,970.56', '162,273.64', '0', '0', '-0,735', '0,735', '0', '0', '0,061', '0', '0', '1,559,356,208', '0', '0,9', '0'),
(56, '2019-06-01 04:35:00', 4222, '20,302', '153743341,3', '0', '333,248', '2,362,031.36', '162,273.64', '0', '0', '-0,73', '0,73', '0', '0', '0,061', '0', '0', '1,559,356,508', '0', '0,9', '0'),
(57, '2019-06-01 04:40:00', 4222, '20,302', '153743341,3', '0', '333,248', '2,362,091.84', '162,273.64', '0', '0', '-0,726', '0,726', '0', '0', '0,061', '0', '0', '1,559,356,808', '0', '0,9', '0'),
(58, '2019-06-01 04:45:00', 4222, '20,302', '153743341,3', '0', '333,248', '2,362,152.76', '162,273.64', '0', '0', '-0,729', '0,729', '0', '0', '0,061', '0', '0', '1,559,357,109', '0', '0,9', '0'),
(59, '2019-06-01 04:50:00', 4222, '20,302', '153743341,3', '0', '333,248', '2,362,213.52', '162,273.64', '0', '0', '-0,732', '0,732', '0', '0', '0,061', '0', '0', '1,559,357,408', '0', '0,9', '0'),
(60, '2019-06-01 04:55:00', 4222, '20,302', '153743341,3', '0', '333,248', '2,362,274.36', '162,273.64', '0', '0', '-0,73', '0,73', '0', '0', '0,061', '0', '0', '1,559,357,708', '0', '0,9', '0'),
(61, '2019-06-01 05:00:00', 4222, '20,302', '153743341,3', '0', '333,248', '2,362,334.72', '162,273.64', '0', '0', '-0,722', '0,722', '0', '0', '0,06', '0', '0', '1,559,358,009', '0', '0,9', '0'),
(62, '2019-06-01 05:05:00', 4222, '20,302', '153743341,3', '0', '333,248', '2,362,395.08', '162,273.64', '0', '0', '-0,727', '0,727', '0', '0', '0,06', '0', '0', '1,559,358,308', '0', '0,9', '0'),
(63, '2019-06-01 05:10:00', 4222, '20,302', '153743341,3', '0', '333,248', '2,362,455.56', '162,273.64', '0', '0', '-0,726', '0,726', '0', '0', '0,061', '0', '0', '1,559,358,608', '0', '0,9', '0'),
(64, '2019-06-01 05:15:00', 4222, '20,302', '153743341,3', '0', '333,248', '2,362,516.28', '162,273.64', '0', '0', '-0,729', '0,729', '0', '0', '0,061', '0', '0', '1,559,358,908', '0', '0,9', '0'),
(65, '2019-06-01 05:20:00', 4222, '20,302', '153743341,3', '0', '333,248', '2,362,575.84', '162,273.64', '0', '0', '-0,715', '0,715', '0', '0', '0,06', '0', '0', '1,559,359,208', '0', '0,9', '0'),
(66, '2019-06-01 05:25:00', 4222, '20,302', '153743341,3', '0', '333,248', '2,362,635.52', '162,273.64', '0', '0', '-0,714', '0,714', '0', '0', '0,06', '0', '0', '1,559,359,509', '0', '0,9', '0'),
(67, '2019-06-01 05:30:00', 4222, '20,302', '153743341,3', '0', '333,248', '2,362,695.52', '162,273.64', '0', '0', '-0,722', '0,722', '0', '0', '0,06', '0', '0', '1,559,359,808', '0', '0,9', '0'),
(68, '2019-06-01 05:35:00', 4222, '20,302', '153743341,3', '0', '333,248', '2,362,755.2', '162,273.64', '0', '0', '-0,716', '0,716', '0', '0', '0,06', '0', '0', '1,559,360,108', '0', '0,9', '0'),
(69, '2019-06-01 05:40:00', 4222, '20,302', '153743341,3', '0', '333,248', '2,362,815.32', '162,273.64', '0', '0', '-0,719', '0,719', '0', '0', '0,06', '0', '0', '1,559,360,409', '0', '0,9', '0'),
(70, '2019-06-01 05:45:00', 4222, '20,302', '153743341,3', '0', '333,248', '2,362,874.88', '162,273.64', '0', '0', '-0,717', '0,717', '0', '0', '0,06', '0', '0', '1,559,360,708', '0', '0,9', '0'),
(71, '2019-06-01 05:50:00', 4222, '20,302', '153743341,3', '0', '333,248', '2,362,935', '162,273.64', '0', '0', '-0,721', '0,721', '0', '0', '0,06', '0', '0', '1,559,361,008', '0', '0,9', '0'),
(72, '2019-06-01 05:55:00', 4222, '20,302', '153743341,3', '0', '333,248', '2,362,995.08', '162,273.64', '0', '0', '-0,719', '0,719', '0', '0', '0,06', '0', '0', '1,559,361,309', '0', '0,9', '0'),
(73, '2019-06-01 06:00:00', 4222, '20,302', '153743341,3', '0', '333,248', '2,363,054.84', '162,273.64', '0', '0', '-0,72', '0,72', '0', '0', '0,06', '0', '0', '1,559,361,608', '0', '0,9', '0'),
(74, '2019-06-01 06:05:00', 4222, '20,302', '153743341,3', '0', '333,248', '2,363,114.8', '162,273.64', '0', '0', '-0,717', '0,717', '0', '0', '0,06', '0', '0', '1,559,361,909', '0', '0,9', '0'),
(75, '2019-06-01 06:10:00', 4222, '20,302', '153743341,3', '0', '333,248', '2,363,174.24', '162,273.64', '0', '0', '-0,716', '0,716', '0', '0', '0,059', '0', '0', '1,559,362,208', '0', '0,9', '0'),
(76, '2019-06-01 06:15:00', 4222, '20,302', '153743341,3', '0', '333,248', '2,363,233.08', '162,273.64', '0', '0', '-0,706', '0,706', '0', '0', '0,059', '0', '0', '1,559,362,508', '0', '0,9', '0'),
(77, '2019-06-01 06:20:00', 4222, '20,302', '153743341,3', '0', '333,248', '2,363,292.44', '162,273.64', '0', '0', '-0,712', '0,712', '0', '0', '0,059', '0', '0', '1,559,362,808', '0', '0,9', '0'),
(78, '2019-06-01 06:25:00', 4222, '20,302', '153743341,3', '0', '333,248', '2,363,351.56', '162,273.64', '0', '0', '-0,709', '0,709', '0', '0', '0,059', '0', '0', '1,559,363,108', '0', '0,9', '0'),
(79, '2019-06-01 06:30:00', 4222, '20,302', '153743341,3', '0', '333,248', '2,363,410.4', '162,273.64', '0', '0', '-0,706', '0,706', '0', '0', '0,059', '0', '0', '1,559,363,408', '0', '0,9', '0'),
(80, '2019-06-01 06:35:00', 4222, '20,302', '153743341,3', '0', '333,248', '2,363,469.72', '162,273.64', '0', '0', '-0,71', '0,71', '0', '0', '0,059', '0', '0', '1,559,363,709', '0', '0,9', '0'),
(81, '2019-06-01 06:40:00', 4222, '20,302', '153743341,3', '0', '333,248', '2,363,523.68', '162,273.64', '0', '0', '-0,65', '0,65', '0', '0', '0,054', '0', '0', '1,559,364,008', '0', '0,9', '0'),
(82, '2019-06-01 06:45:00', 4222, '20,302', '153743341,8', '0', '333,248', '2,363,547.6', '162,273.64', '0', '-0,006', '-0,287', '0,287', '0', '0,001', '0,024', '0', '0', '1,559,364,308', '0,001', '0,9', '0,0009'),
(83, '2019-06-01 06:50:00', 4222, '20,302', '153743361,4', '0', '333,248', '2,363,547.6', '162,273.64', '0', '-0,235', '0', '0,235', '0', '0,02', '0', '0', '0', '1,559,364,608', '0,02', '0,9', '0,018'),
(84, '2019-06-01 06:55:00', 4222, '20,302', '153743406,2', '0', '333,248', '2,363,547.6', '162,273.64', '0', '-0,538', '0', '0,538', '0', '0,045', '0', '0', '0', '1,559,364,908', '0,045', '0,9', '0,0405'),
(85, '2019-06-01 07:00:00', 4222, '20,302', '153743483,8', '0', '333,248', '2,363,547.6', '162,273.64', '0', '-0,929', '0', '0,929', '0', '0,078', '0', '0', '0', '1,559,365,209', '0,078', '0,9', '0,0702'),
(86, '2019-06-01 07:05:00', 4222, '20,302', '153743608,5', '0', '333,248', '2,363,547.6', '162,273.64', '0', '-1,501', '0', '1,501', '0', '0,125', '0', '0', '0', '1,559,365,508', '0,125', '0,9', '0,1125'),
(87, '2019-06-01 07:10:00', 4222, '20,302', '153743783,7', '0', '333,248', '2,363,547.6', '162,273.64', '0', '-2,102', '0', '2,102', '0', '0,175', '0', '0', '0', '1,559,365,808', '0,175', '0,9', '0,1575'),
(88, '2019-06-01 07:15:00', 4222, '20,302', '153744015,7', '0', '333,248', '2,363,547.6', '162,273.64', '0', '-2,774', '0', '2,774', '0', '0,232', '0', '0', '0', '1,559,366,109', '0,232', '0,9', '0,2088'),
(89, '2019-06-01 07:20:00', 4222, '20,302', '153744308,3', '0', '333,248', '2,363,547.6', '162,273.64', '0', '-3,523', '0', '3,523', '0', '0,293', '0', '0', '0', '1,559,366,408', '0,293', '0,9', '0,2637'),
(90, '2019-06-01 07:25:00', 4222, '20,302', '153744677,4', '0', '333,248', '2,363,547.6', '162,273.64', '0', '-4,429', '0', '4,429', '0', '0,369', '0', '0', '0', '1,559,366,708', '0,369', '0,9', '0,3321'),
(91, '2019-06-01 07:30:00', 4222, '20,302', '153745132,3', '0', '333,248', '2,363,547.6', '162,273.64', '0', '-5,459', '0', '5,459', '0', '0,455', '0', '0', '0', '1,559,367,008', '0,455', '0,9', '0,4095'),
(92, '2019-06-01 07:35:00', 4222, '20,302', '153745674,6', '0', '333,248', '2,363,547.6', '162,273.64', '0', '-6,507', '0', '6,507', '0', '0,542', '0', '0', '0', '1,559,367,308', '0,542', '0,9', '0,4878'),
(93, '2019-06-01 07:40:00', 4222, '20,302', '153746314,4', '0', '333,248', '2,363,547.6', '162,273.64', '0', '-7,678', '0', '7,678', '0', '0,64', '0', '0', '0', '1,559,367,608', '0,64', '0,9', '0,576'),
(94, '2019-06-01 07:45:00', 4222, '20,302', '153747047,4', '0', '333,248', '2,363,547.6', '162,273.64', '0', '-8,796', '0', '8,796', '0', '0,733', '0', '0', '0', '1,559,367,908', '0,733', '0,9', '0,6597'),
(95, '2019-06-01 07:50:00', 4222, '20,302', '153747873,6', '0', '333,248', '2,363,547.6', '162,273.64', '0', '-9,913', '0', '9,913', '0', '0,826', '0', '0', '0', '1,559,368,208', '0,826', '0,9', '0,7434'),
(96, '2019-06-01 07:55:00', 4222, '20,302', '153748799,4', '0', '333,248', '2,363,547.6', '162,273.64', '0', '-11,11', '0', '11,11', '0', '0,926', '0', '0', '0', '1,559,368,508', '0,926', '0,9', '0,8334'),
(97, '2019-06-01 08:00:00', 4222, '20,302', '153749819,2', '0', '333,248', '2,363,547.6', '162,273.64', '0', '-12,238', '0', '12,238', '0', '1,02', '0', '0', '0', '1,559,368,808', '1,02', '0,9', '0,918'),
(98, '2019-06-01 08:05:00', 4222, '20,302', '153750943,7', '0', '333,248', '2,363,547.6', '162,273.64', '0', '-13,494', '0', '13,494', '0', '1,125', '0', '0', '0', '1,559,369,108', '1,125', '0,9', '1,0125'),
(99, '2019-06-01 08:10:00', 4222, '20,302', '153752181,9', '0', '333,248', '2,363,547.6', '162,273.64', '0', '-14,81', '0', '14,81', '0', '1,238', '0', '0', '0', '1,559,369,409', '1,238', '0,9', '1,1142'),
(100, '2019-06-01 08:15:00', 4222, '20,302', '153753514,3', '0', '333,248', '2,363,547.6', '162,273.64', '0', '-16,042', '0', '16,042', '0', '1,332', '0', '0', '0', '1,559,369,708', '1,332', '0,9', '1,1988'),
(101, '2019-06-01 08:20:00', 4222, '20,302', '153754966,5', '0', '333,248', '2,363,547.6', '162,273.64', '0', '-17,368', '0', '17,368', '0', '1,452', '0', '0', '0', '1,559,370,009', '1,452', '0,9', '1,3068'),
(102, '2019-06-01 08:25:00', 4222, '20,302', '153756530,6', '0', '333,248', '2,363,547.6', '162,273.64', '0', '-18,769', '0', '18,769', '0', '1,564', '0', '0', '0', '1,559,370,309', '1,564', '0,9', '1,4076'),
(103, '2019-06-01 08:30:00', 4222, '20,302', '153758222,1', '0', '333,248', '2,363,547.6', '162,273.64', '0', '-20,367', '0', '20,367', '0', '1,692', '0', '0', '0', '1,559,370,608', '1,692', '0,9', '1,5228'),
(104, '2019-06-01 08:35:00', 4222, '20,302', '153760034,5', '0', '333,248', '2,363,547.6', '162,273.64', '0', '-21,821', '0', '21,821', '0', '1,812', '0', '0', '0', '1,559,370,907', '1,812', '0,9', '1,6308'),
(105, '2019-06-01 08:40:00', 4222, '20,302', '153761977', '0', '333,248', '2,363,547.6', '162,273.64', '0', '-23,233', '0', '23,233', '0', '1,943', '0', '0', '0', '1,559,371,208', '1,943', '0,9', '1,7487'),
(106, '2019-06-01 08:45:00', 4222, '20,302', '153764053,5', '0', '333,248', '2,363,547.6', '162,273.64', '0', '-24,835', '0', '24,835', '0', '2,077', '0', '0', '0', '1,559,371,509', '2,077', '0,9', '1,8693'),
(107, '2019-06-01 08:50:00', 4222, '20,302', '153766252,4', '0', '333,248', '2,363,547.6', '162,273.64', '0', '-26,474', '0', '26,474', '0', '2,199', '0', '0', '0', '1,559,371,808', '2,199', '0,9', '1,9791'),
(108, '2019-06-01 08:55:00', 4222, '20,302', '153768549,7', '0', '333,248', '2,363,547.6', '162,273.64', '0', '-27,568', '0', '27,568', '0', '2,297', '0', '0', '0', '1,559,372,108', '2,297', '0,9', '2,0673'),
(109, '2019-06-01 09:00:00', 4222, '20,302', '153770976,9', '0', '333,248', '2,363,547.6', '162,273.64', '0', '-29,126', '0', '29,126', '0', '2,427', '0', '0', '0', '1,559,372,408', '2,427', '0,9', '2,1843'),
(110, '2019-06-01 09:05:00', 4222, '20,302', '153773521,5', '0', '333,248', '2,363,547.6', '162,273.64', '0', '-30,434', '0', '30,434', '0', '2,545', '0', '0', '0', '1,559,372,709', '2,545', '0,9', '2,2905'),
(111, '2019-06-01 09:10:00', 4222, '20,302', '153776158,9', '0', '333,248', '2,363,547.6', '162,273.64', '0', '-31,754', '0', '31,754', '0', '2,637', '0', '0', '0', '1,559,373,008', '2,637', '0,9', '2,3733'),
(112, '2019-06-01 09:15:00', 4222, '20,302', '153778893', '0', '333,248', '2,363,547.6', '162,273.64', '0', '-32,809', '0', '32,809', '0', '2,734', '0', '0', '0', '1,559,373,308', '2,734', '0,9', '2,4606'),
(113, '2019-06-01 09:20:00', 4222, '20,302', '153781736,6', '0', '333,248', '2,363,547.6', '162,273.64', '0', '-34,123', '0', '34,123', '0', '2,844', '0', '0', '0', '1,559,373,608', '2,844', '0,9', '2,5596'),
(114, '2019-06-01 09:25:00', 4222, '20,302', '153784696', '0', '333,248', '2,363,556.12', '162,273.64', '0', '-35,513', '-0,102', '35,513', '0', '2,959', '0,009', '0', '0', '1,559,373,908', '2,959', '0,9', '2,6631'),
(115, '2019-06-01 09:30:00', 4222, '20,302', '153787754,4', '0', '333,248', '2,363,575.28', '162,273.64', '0', '-36,579', '-0,229', '36,58', '0', '3,058', '0,019', '0', '0', '1,559,374,209', '3,058', '0,9', '2,7522'),
(116, '2019-06-01 09:35:00', 4222, '20,302', '153790888,3', '0', '333,248', '2,363,593.96', '162,273.64', '0', '-37,732', '-0,225', '37,733', '0', '3,134', '0,019', '0', '0', '1,559,374,508', '3,134', '0,9', '2,8206'),
(117, '2019-06-01 09:40:00', 4222, '20,302', '153794122', '0', '333,248', '2,363,613.6', '162,273.64', '0', '-38,804', '-0,236', '38,805', '0', '3,234', '0,02', '0', '0', '1,559,374,808', '3,234', '0,9', '2,9106'),
(118, '2019-06-01 09:45:00', 4222, '20,302', '153797445', '0', '333,248', '2,363,642.4', '162,273.64', '0', '-39,745', '-0,345', '39,746', '0', '3,323', '0,029', '0', '0', '1,559,375,109', '3,323', '0,9', '2,9907'),
(119, '2019-06-01 09:50:00', 4222, '20,302', '153800875,8', '0', '333,248', '2,363,672.56', '162,273.64', '0', '-41,307', '-0,363', '41,309', '0', '3,431', '0,03', '0', '0', '1,559,375,408', '3,431', '0,9', '3,0879'),
(120, '2019-06-01 09:55:00', 4222, '20,302', '153804377,9', '0', '333,248', '2,363,703.32', '162,273.64', '0', '-42,025', '-0,369', '42,026', '0', '3,502', '0,031', '0', '0', '1,559,375,708', '3,502', '0,9', '3,1518'),
(121, '2019-06-01 10:00:00', 4222, '20,302', '153807997,3', '0', '333,248', '2,363,734.28', '162,273.64', '0', '-43,289', '-0,37', '43,29', '0', '3,619', '0,031', '0', '0', '1,559,376,009', '3,619', '0,9', '3,2571'),
(122, '2019-06-01 10:05:00', 4222, '20,302', '153811680,8', '0', '333,248', '2,363,765.16', '162,273.64', '0', '-44,35', '-0,372', '44,352', '0', '3,684', '0,031', '0', '0', '1,559,376,308', '3,684', '0,9', '3,3156'),
(123, '2019-06-01 10:10:00', 4222, '20,302', '153815456,8', '0', '333,248', '2,363,796.6', '162,273.64', '0', '-45,312', '-0,377', '45,314', '0', '3,776', '0,031', '0', '0', '1,559,376,608', '3,776', '0,9', '3,3984'),
(124, '2019-06-01 10:15:00', 4222, '20,302', '153819312,7', '0', '333,248', '2,363,826.92', '162,273.64', '0', '-46,117', '-0,363', '46,119', '0', '3,856', '0,03', '0', '0', '1,559,376,909', '3,856', '0,9', '3,4704'),
(125, '2019-06-01 10:20:00', 4222, '20,302', '153823256,9', '0', '333,248', '2,363,860.64', '162,273.64', '0', '-47,33', '-0,405', '47,332', '0', '3,944', '0,034', '0', '0', '1,559,377,209', '3,944', '0,9', '3,5496'),
(126, '2019-06-01 10:25:00', 4222, '20,302', '153827269,6', '0', '333,248', '2,363,896.8', '162,273.64', '0', '-48,314', '-0,435', '48,316', '0', '4,013', '0,036', '0', '0', '1,559,377,508', '4,013', '0,9', '3,6117'),
(127, '2019-06-01 10:30:00', 4222, '20,302', '153831362,8', '0', '333,248', '2,363,933.8', '162,273.64', '0', '-49,118', '-0,444', '49,12', '0', '4,093', '0,037', '0', '0', '1,559,377,808', '4,093', '0,9', '3,6837'),
(128, '2019-06-01 10:35:00', 4222, '20,302', '153835561,8', '0', '333,248', '2,363,972.68', '162,273.64', '0', '-50,22', '-0,465', '50,222', '0', '4,199', '0,039', '0', '0', '1,559,378,109', '4,199', '0,9', '3,7791'),
(129, '2019-06-01 10:40:00', 4222, '20,302', '153839792,2', '0', '333,248', '2,364,010.52', '162,273.64', '0', '-50,765', '-0,454', '50,767', '0', '4,23', '0,038', '0', '0', '1,559,378,409', '4,23', '0,9', '3,807'),
(130, '2019-06-01 10:45:00', 4222, '20,302', '153844091,4', '0', '333,248', '2,364,050.04', '162,273.64', '0', '-51,591', '-0,474', '51,593', '0', '4,299', '0,04', '0', '0', '1,559,378,709', '4,299', '0,9', '3,8691'),
(131, '2019-06-01 10:50:00', 4222, '20,302', '153848476,1', '0', '333,248', '2,364,090.36', '162,273.64', '0', '-52,792', '-0,486', '52,794', '0', '4,385', '0,04', '0', '0', '1,559,379,008', '4,385', '0,9', '3,9465'),
(132, '2019-06-01 10:55:00', 4222, '20,302', '153852836', '0', '333,248', '2,364,124.68', '162,273.64', '0', '-52,319', '-0,412', '52,321', '0', '4,36', '0,034', '0', '0', '1,559,379,308', '4,36', '0,9', '3,924'),
(133, '2019-06-01 11:00:00', 4222, '20,302', '153857251,7', '0', '333,248', '2,364,166.36', '162,273.64', '0', '-52,812', '-0,499', '52,814', '0', '4,416', '0,042', '0', '0', '1,559,379,609', '4,416', '0,9', '3,9744'),
(134, '2019-06-01 11:05:00', 4222, '20,302', '153861706,1', '0', '333,248', '2,364,211.2', '162,273.64', '0', '-53,632', '-0,54', '53,634', '0', '4,454', '0,045', '0', '0', '1,559,379,908', '4,454', '0,9', '4,0086'),
(135, '2019-06-01 11:10:00', 4222, '20,302', '153866201,1', '0', '333,248', '2,364,252.84', '162,273.64', '0', '-53,94', '-0,5', '53,942', '0', '4,495', '0,042', '0', '0', '1,559,380,208', '4,495', '0,9', '4,0455'),
(136, '2019-06-01 11:15:00', 4222, '20,302', '153870724,7', '0', '333,248', '2,364,297.08', '162,273.64', '0', '-54,283', '-0,531', '54,286', '0', '4,524', '0,044', '0', '0', '1,559,380,508', '4,524', '0,9', '4,0716'),
(137, '2019-06-01 11:20:00', 4222, '20,302', '153875285,7', '0', '333,248', '2,364,340.36', '162,273.64', '0', '-54,733', '-0,519', '54,735', '0', '4,561', '0,043', '0', '0', '1,559,380,808', '4,561', '0,9', '4,1049'),
(138, '2019-06-01 11:25:00', 4222, '20,302', '153879864,3', '0', '333,248', '2,364,383.96', '162,273.64', '0', '-54,76', '-0,522', '54,763', '0', '4,579', '0,044', '0', '0', '1,559,381,109', '4,579', '0,9', '4,1211'),
(139, '2019-06-01 11:30:00', 4222, '20,302', '153884445,2', '0', '333,248', '2,364,428.44', '162,273.64', '0', '-55,155', '-0,536', '55,158', '0', '4,581', '0,045', '0', '0', '1,559,381,408', '4,581', '0,9', '4,1229'),
(140, '2019-06-01 11:35:00', 4222, '20,302', '153889064,4', '0', '333,248', '2,364,473.08', '162,273.64', '0', '-55,246', '-0,534', '55,249', '0', '4,619', '0,045', '0', '0', '1,559,381,709', '4,619', '0,9', '4,1571'),
(141, '2019-06-01 11:40:00', 4222, '20,302', '153893632,1', '0', '333,248', '2,364,517.56', '162,273.64', '0', '-54,996', '-0,536', '54,998', '0', '4,568', '0,045', '0', '0', '1,559,382,008', '4,568', '0,9', '4,1112'),
(142, '2019-06-01 11:45:00', 4222, '20,302', '153898266,4', '0', '333,248', '2,364,561.92', '162,273.64', '0', '-55,427', '-0,531', '55,43', '0', '4,634', '0,044', '0', '0', '1,559,382,309', '4,634', '0,9', '4,1706'),
(143, '2019-06-01 11:50:00', 4222, '20,302', '153902909,8', '0', '333,248', '2,364,607.28', '162,273.64', '0', '-55,72', '-0,544', '55,723', '0', '4,643', '0,045', '0', '0', '1,559,382,609', '4,643', '0,9', '4,1787'),
(144, '2019-06-01 11:55:00', 4222, '20,302', '153907560', '0', '333,248', '2,364,653.2', '162,273.64', '0', '-55,803', '-0,551', '55,806', '0', '4,65', '0,046', '0', '0', '1,559,382,909', '4,65', '0,9', '4,185'),
(145, '2019-06-01 12:00:00', 4222, '20,302', '153912182,6', '0', '333,248', '2,364,699.44', '162,273.64', '0', '-55,656', '-0,557', '55,659', '0', '4,623', '0,046', '0', '0', '1,559,383,208', '4,623', '0,9', '4,1607'),
(146, '2019-06-01 12:05:00', 4222, '20,302', '153916816,2', '0', '333,248', '2,364,743.92', '162,273.64', '0', '-55,604', '-0,534', '55,606', '0', '4,634', '0,045', '0', '0', '1,559,383,508', '4,634', '0,9', '4,1706'),
(147, '2019-06-01 12:10:00', 4222, '20,302', '153921506,9', '0', '333,248', '2,364,791.72', '162,273.64', '0', '-56,288', '-0,574', '56,291', '0', '4,691', '0,048', '0', '0', '1,559,383,808', '4,691', '0,9', '4,2219'),
(148, '2019-06-01 12:15:00', 4222, '20,302', '153926162,2', '0', '333,248', '2,364,837.84', '162,273.64', '0', '-55,864', '-0,553', '55,867', '0', '4,655', '0,046', '0', '0', '1,559,384,108', '4,655', '0,9', '4,1895'),
(149, '2019-06-01 12:20:00', 4222, '20,302', '153930804', '0', '333,248', '2,364,885.88', '162,273.64', '0', '-55,516', '-0,575', '55,519', '0', '4,642', '0,048', '0', '0', '1,559,384,409', '4,642', '0,9', '4,1778'),
(150, '2019-06-01 12:25:00', 4222, '20,302', '153935406,3', '0', '333,248', '2,364,933.12', '162,273.64', '0', '-55,413', '-0,569', '55,416', '0', '4,602', '0,047', '0', '0', '1,559,384,708', '4,602', '0,9', '4,1418'),
(151, '2019-06-01 12:30:00', 4222, '20,302', '153939970,1', '0', '333,248', '2,364,978.68', '162,273.64', '0', '-54,766', '-0,547', '54,769', '0', '4,564', '0,046', '0', '0', '1,559,385,008', '4,564', '0,9', '4,1076'),
(152, '2019-06-01 12:35:00', 4222, '20,302', '153944471,9', '0', '333,248', '2,365,022.84', '162,273.64', '0', '-54,022', '-0,53', '54,024', '0', '4,502', '0,044', '0', '0', '1,559,385,308', '4,502', '0,9', '4,0518'),
(153, '2019-06-01 12:40:00', 4222, '20,302', '153949018', '0', '333,248', '2,365,067.72', '162,273.64', '0', '-54,372', '-0,537', '54,374', '0', '4,546', '0,045', '0', '0', '1,559,385,609', '4,546', '0,9', '4,0914'),
(154, '2019-06-01 12:45:00', 4222, '20,302', '153953502,8', '0', '333,248', '2,365,112.76', '162,273.64', '0', '-53,998', '-0,542', '54', '0', '4,485', '0,045', '0', '0', '1,559,385,908', '4,485', '0,9', '4,0365'),
(155, '2019-06-01 12:50:00', 4222, '20,302', '153957972,9', '0', '333,248', '2,365,156.72', '162,273.64', '0', '-53,641', '-0,528', '53,644', '0', '4,47', '0,044', '0', '0', '1,559,386,208', '4,47', '0,9', '4,023'),
(156, '2019-06-01 12:55:00', 4222, '20,302', '153962422,8', '0', '333,248', '2,365,201.24', '162,273.64', '0', '-53,399', '-0,534', '53,402', '0', '4,45', '0,045', '0', '0', '1,559,386,508', '4,45', '0,9', '4,005'),
(157, '2019-06-01 13:00:00', 4222, '20,302', '153966815,4', '0', '333,248', '2,365,245.44', '162,273.64', '0', '-52,711', '-0,53', '52,713', '0', '4,393', '0,044', '0', '0', '1,559,386,808', '4,393', '0,9', '3,9537'),
(158, '2019-06-01 13:05:00', 4222, '20,302', '153971148,3', '0', '333,248', '2,365,288.4', '162,273.64', '0', '-51,995', '-0,516', '51,997', '0', '4,333', '0,043', '0', '0', '1,559,387,108', '4,333', '0,9', '3,8997'),
(159, '2019-06-01 13:10:00', 4222, '20,302', '153975461,3', '0', '333,248', '2,365,331.48', '162,273.64', '0', '-51,756', '-0,517', '51,759', '0', '4,313', '0,043', '0', '0', '1,559,387,408', '4,313', '0,9', '3,8817'),
(160, '2019-06-01 13:15:00', 4222, '20,302', '153979734,6', '0', '333,248', '2,365,373.88', '162,273.64', '0', '-51,28', '-0,509', '51,283', '0', '4,273', '0,042', '0', '0', '1,559,387,708', '4,273', '0,9', '3,8457'),
(161, '2019-06-01 13:20:00', 4222, '20,302', '153983991,2', '0', '333,248', '2,365,416.72', '162,273.64', '0', '-51,079', '-0,514', '51,082', '0', '4,257', '0,043', '0', '0', '1,559,388,008', '4,257', '0,9', '3,8313'),
(162, '2019-06-01 13:25:00', 4222, '20,302', '153988185,5', '0', '333,248', '2,365,458.2', '162,273.64', '0', '-50,331', '-0,498', '50,333', '0', '4,194', '0,042', '0', '0', '1,559,388,308', '4,194', '0,9', '3,7746'),
(163, '2019-06-01 13:30:00', 4222, '20,302', '153992316,9', '0', '333,248', '2,365,498.6', '162,273.64', '0', '-49,412', '-0,483', '49,415', '0', '4,131', '0,04', '0', '0', '1,559,388,609', '4,131', '0,9', '3,7179'),
(164, '2019-06-01 13:35:00', 4222, '20,302', '153996416,4', '0', '333,248', '2,365,538.6', '162,273.64', '0', '-49,359', '-0,482', '49,361', '0', '4,1', '0,04', '0', '0', '1,559,388,908', '4,1', '0,9', '3,69'),
(165, '2019-06-01 13:40:00', 4222, '20,302', '154000432,5', '0', '333,248', '2,365,578.16', '162,273.64', '0', '-48,193', '-0,475', '48,196', '0', '4,016', '0,04', '0', '0', '1,559,389,208', '4,016', '0,9', '3,6144'),
(166, '2019-06-01 13:45:00', 4222, '20,302', '154004398,8', '0', '333,248', '2,365,617', '162,273.64', '0', '-47,595', '-0,466', '47,598', '0', '3,966', '0,039', '0', '0', '1,559,389,508', '3,966', '0,9', '3,5694'),
(167, '2019-06-01 13:50:00', 4222, '20,302', '154008274,1', '0', '333,248', '2,365,654.88', '162,273.64', '0', '-46,504', '-0,455', '46,506', '0', '3,875', '0,038', '0', '0', '1,559,389,808', '3,875', '0,9', '3,4875'),
(168, '2019-06-01 13:55:00', 4222, '20,302', '154012135,8', '0', '333,248', '2,365,692.6', '162,273.64', '0', '-46,34', '-0,453', '46,342', '0', '3,862', '0,038', '0', '0', '1,559,390,108', '3,862', '0,9', '3,4758'),
(169, '2019-06-01 14:00:00', 4222, '20,302', '154015957,2', '0', '333,248', '2,365,730.72', '162,273.64', '0', '-45,856', '-0,457', '45,859', '0', '3,821', '0,038', '0', '0', '1,559,390,408', '3,821', '0,9', '3,4389'),
(170, '2019-06-01 14:05:00', 4222, '20,302', '154019635', '0', '333,248', '2,365,765.52', '162,273.64', '0', '-43,988', '-0,416', '43,99', '0', '3,678', '0,035', '0', '0', '1,559,390,709', '3,678', '0,9', '3,3102'),
(171, '2019-06-01 14:10:00', 4222, '20,302', '154023187,2', '0', '333,248', '2,365,798.96', '162,273.64', '0', '-42,626', '-0,401', '42,628', '0', '3,552', '0,033', '0', '0', '1,559,391,009', '3,552', '0,9', '3,1968'),
(172, '2019-06-01 14:15:00', 4222, '20,302', '154026739,5', '0', '333,248', '2,365,825.84', '162,273.64', '0', '-42,77', '-0,324', '42,771', '0', '3,552', '0,027', '0', '0', '1,559,391,308', '3,552', '0,9', '3,1968'),
(173, '2019-06-01 14:20:00', 4222, '20,302', '154030226,2', '0', '333,248', '2,365,859.08', '162,273.64', '0', '-41,841', '-0,399', '41,843', '0', '3,487', '0,033', '0', '0', '1,559,391,608', '3,487', '0,9', '3,1383'),
(174, '2019-06-01 14:25:00', 4222, '20,302', '154033643', '0', '333,248', '2,365,890.68', '162,273.64', '0', '-41,002', '-0,379', '41,003', '0', '3,417', '0,032', '0', '0', '1,559,391,908', '3,417', '0,9', '3,0753'),
(175, '2019-06-01 14:30:00', 4222, '20,302', '154036959,9', '0', '333,248', '2,365,917.48', '162,273.64', '0', '-39,803', '-0,322', '39,804', '0', '3,317', '0,027', '0', '0', '1,559,392,208', '3,317', '0,9', '2,9853'),
(176, '2019-06-01 14:35:00', 4222, '20,302', '154040209', '0', '333,248', '2,365,947.12', '162,273.64', '0', '-38,989', '-0,356', '38,99', '0', '3,249', '0,03', '0', '0', '1,559,392,508', '3,249', '0,9', '2,9241'),
(177, '2019-06-01 14:40:00', 4222, '20,302', '154043328,6', '0', '333,248', '2,365,975.16', '162,273.64', '0', '-37,436', '-0,337', '37,438', '0', '3,12', '0,028', '0', '0', '1,559,392,808', '3,12', '0,9', '2,808'),
(178, '2019-06-01 14:45:00', 4222, '20,302', '154046366,9', '0', '333,248', '2,366,003.4', '162,273.64', '0', '-36,459', '-0,339', '36,461', '0', '3,038', '0,028', '0', '0', '1,559,393,108', '3,038', '0,9', '2,7342'),
(179, '2019-06-01 14:50:00', 4222, '20,302', '154049259', '0', '333,248', '2,366,016.44', '162,273.64', '0', '-34,705', '-0,157', '34,705', '0', '2,892', '0,013', '0', '0', '1,559,393,408', '2,892', '0,9', '2,6028'),
(180, '2019-06-01 14:55:00', 4222, '20,302', '154052008,9', '0', '333,248', '2,366,030.84', '162,273.64', '0', '-32,999', '-0,173', '33', '0', '2,75', '0,014', '0', '0', '1,559,393,708', '2,75', '0,9', '2,475'),
(181, '2019-06-01 15:00:00', 4222, '20,302', '154054663,4', '0', '333,248', '2,366,035.68', '162,273.64', '0', '-31,855', '-0,058', '31,855', '0', '2,655', '0,005', '0', '0', '1,559,394,008', '2,655', '0,9', '2,3895'),
(182, '2019-06-01 15:05:00', 4222, '20,302', '154057212,3', '0', '333,248', '2,366,035.68', '162,273.64', '0', '-30,485', '0', '30,485', '0', '2,549', '0', '0', '0', '1,559,394,309', '2,549', '0,9', '2,2941'),
(183, '2019-06-01 15:10:00', 4222, '20,302', '154059622,7', '0', '333,248', '2,366,035.68', '162,273.64', '0', '-29,022', '0', '29,022', '0', '2,41', '0', '0', '0', '1,559,394,608', '2,41', '0,9', '2,169'),
(184, '2019-06-01 15:15:00', 4222, '20,302', '154061919,2', '0', '333,248', '2,366,035.68', '162,273.64', '0', '-27,558', '0', '27,558', '0', '2,297', '0', '0', '0', '1,559,394,908', '2,297', '0,9', '2,0673'),
(185, '2019-06-01 15:20:00', 4222, '20,302', '154064085,6', '0', '333,248', '2,366,035.68', '162,273.64', '0', '-25,996', '0', '25,996', '0', '2,166', '0', '0', '0', '1,559,395,208', '2,166', '0,9', '1,9494'),
(186, '2019-06-01 15:25:00', 4222, '20,302', '154066131,1', '0', '333,248', '2,366,035.68', '162,273.64', '0', '-24,465', '0', '24,465', '0', '2,046', '0', '0', '0', '1,559,395,509', '2,046', '0,9', '1,8414'),
(187, '2019-06-01 15:30:00', 4222, '20,302', '154068017,8', '0', '333,248', '2,366,035.68', '162,273.64', '0', '-22,716', '0', '22,716', '0', '1,887', '0', '0', '0', '1,559,395,808', '1,887', '0,9', '1,6983'),
(188, '2019-06-01 15:35:00', 4222, '20,302', '154069722', '0', '333,248', '2,366,035.68', '162,273.64', '0', '-20,383', '0', '20,383', '0', '1,704', '0', '0', '0', '1,559,396,109', '1,704', '0,9', '1,5336'),
(189, '2019-06-01 15:40:00', 4222, '20,302', '154071256,4', '0', '333,248', '2,366,035.68', '162,273.64', '0', '-18,474', '0', '18,474', '0', '1,534', '0', '0', '0', '1,559,396,408', '1,534', '0,9', '1,3806'),
(190, '2019-06-01 15:45:00', 4222, '20,302', '154072622,5', '0', '333,248', '2,366,035.68', '162,273.64', '0', '-16,393', '0', '16,393', '0', '1,366', '0', '0', '0', '1,559,396,708', '1,366', '0,9', '1,2294'),
(191, '2019-06-01 15:50:00', 4222, '20,302', '154073846,3', '0', '333,248', '2,366,035.68', '162,273.64', '0', '-15,54', '0', '15,54', '0', '1,295', '0', '0', '0', '1,559,397,008', '1,295', '0,9', '1,1655'),
(192, '2019-06-01 15:55:00', 4222, '20,302', '154074943', '0', '333,248', '2,366,035.68', '162,273.64', '0', '-13,16', '0', '13,16', '0', '1,097', '0', '0', '0', '1,559,397,308', '1,097', '0,9', '0,9873'),
(193, '2019-06-01 16:00:00', 4222, '20,302', '154075960,9', '0', '333,248', '2,366,035.68', '162,273.64', '0', '-12,175', '0', '12,175', '0', '1,018', '0', '0', '0', '1,559,397,609', '1,018', '0,9', '0,9162'),
(194, '2019-06-01 16:05:00', 4222, '20,302', '154076898,3', '0', '333,248', '2,366,035.68', '162,273.64', '0', '-11,286', '0', '11,286', '0', '0,937', '0', '0', '0', '1,559,397,908', '0,937', '0,9', '0,8433'),
(195, '2019-06-01 16:10:00', 4222, '20,302', '154077736,7', '0', '333,248', '2,366,035.68', '162,273.64', '0', '-10,061', '0', '10,061', '0', '0,838', '0', '0', '0', '1,559,398,208', '0,838', '0,9', '0,7542'),
(196, '2019-06-01 16:15:00', 4222, '20,302', '154078488,1', '0', '333,248', '2,366,035.68', '162,273.64', '0', '-9,017', '0', '9,017', '0', '0,751', '0', '0', '0', '1,559,398,508', '0,751', '0,9', '0,6759'),
(197, '2019-06-01 16:20:00', 4222, '20,302', '154079133,4', '0', '333,248', '2,366,035.68', '162,273.64', '0', '-7,744', '0', '7,744', '0', '0,645', '0', '0', '0', '1,559,398,808', '0,645', '0,9', '0,5805'),
(198, '2019-06-01 16:25:00', 4222, '20,302', '154079698,8', '0', '333,248', '2,366,035.68', '162,273.64', '0', '-6,761', '0', '6,761', '0', '0,565', '0', '0', '0', '1,559,399,109', '0,565', '0,9', '0,5085'),
(199, '2019-06-01 16:30:00', 4222, '20,302', '154080194,8', '0', '333,248', '2,366,035.68', '162,273.64', '0', '-5,953', '0', '5,953', '0', '0,496', '0', '0', '0', '1,559,399,409', '0,496', '0,9', '0,4464'),
(200, '2019-06-01 16:35:00', 4222, '20,302', '154080633,4', '0', '333,248', '2,366,035.68', '162,273.64', '0', '-5,28', '0', '5,28', '0', '0,439', '0', '0', '0', '1,559,399,708', '0,439', '0,9', '0,3951'),
(201, '2019-06-01 16:40:00', 4222, '20,302', '154081019,2', '0', '333,248', '2,366,035.68', '162,273.64', '0', '-4,631', '0', '4,631', '0', '0,386', '0', '0', '0', '1,559,400,008', '0,386', '0,9', '0,3474'),
(202, '2019-06-01 16:45:00', 4222, '20,302', '154081353,3', '0', '333,248', '2,366,035.68', '162,273.64', '0', '-4,009', '0', '4,009', '0', '0,334', '0', '0', '0', '1,559,400,308', '0,334', '0,9', '0,3006'),
(203, '2019-06-01 16:50:00', 4222, '20,302', '154081644,8', '0', '333,248', '2,366,035.68', '162,273.64', '0', '-3,487', '0', '3,487', '0', '0,292', '0', '0', '0', '1,559,400,609', '0,292', '0,9', '0,2628'),
(204, '2019-06-01 16:55:00', 4222, '20,302', '154081901,9', '0', '333,248', '2,366,035.68', '162,273.64', '0', '-3,095', '0', '3,095', '0', '0,257', '0', '0', '0', '1,559,400,908', '0,257', '0,9', '0,2313'),
(205, '2019-06-01 17:00:00', 4222, '20,302', '154082119,2', '0', '333,248', '2,366,035.68', '162,273.64', '0', '-2,607', '0', '2,607', '0', '0,217', '0', '0', '0', '1,559,401,208', '0,217', '0,9', '0,1953'),
(206, '2019-06-01 17:05:00', 4222, '20,302', '154082290,6', '0', '333,248', '2,366,035.68', '162,273.64', '0', '-2,056', '0', '2,056', '0', '0,171', '0', '0', '0', '1,559,401,508', '0,171', '0,9', '0,1539'),
(207, '2019-06-01 17:10:00', 4222, '20,302', '154082414,1', '0', '333,248', '2,366,035.68', '162,273.64', '0', '-1,483', '0', '1,483', '0', '0,124', '0', '0', '0', '1,559,401,808', '0,124', '0,9', '0,1116'),
(208, '2019-06-01 17:15:00', 4222, '20,302', '154082494,2', '0', '333,248', '2,366,035.68', '162,273.64', '0', '-0,961', '0', '0,961', '0', '0,08', '0', '0', '0', '1,559,402,108', '0,08', '0,9', '0,072'),
(209, '2019-06-01 17:20:00', 4222, '20,302', '154082535,7', '0', '333,248', '2,366,035.68', '162,273.64', '0', '-0,496', '0', '0,496', '0', '0,042', '0', '0', '0', '1,559,402,409', '0,042', '0,9', '0,0378'),
(210, '2019-06-01 17:25:00', 4222, '20,302', '154082547,4', '0', '333,248', '2,366,035.68', '162,273.64', '0', '-0,14', '0', '0,14', '0', '0,012', '0', '0', '0', '1,559,402,709', '0,012', '0,9', '0,0108'),
(211, '2019-06-01 17:30:00', 4222, '20,302', '154082547,4', '0', '333,248', '2,366,088.6', '162,273.64', '0', '0', '-0,637', '0,637', '0', '0', '0,053', '0', '0', '1,559,403,008', '0', '0,9', '0'),
(212, '2019-06-01 17:35:00', 4222, '20,302', '154082547,4', '0', '333,248', '2,366,148.56', '162,273.64', '0', '0', '-0,717', '0,717', '0', '0', '0,06', '0', '0', '1,559,403,309', '0', '0,9', '0'),
(213, '2019-06-01 17:40:00', 4222, '20,302', '154082547,4', '0', '333,248', '2,366,209.4', '162,273.64', '0', '0', '-0,73', '0,73', '0', '0', '0,061', '0', '0', '1,559,403,609', '0', '0,9', '0'),
(214, '2019-06-01 17:45:00', 4222, '20,302', '154082547,4', '0', '333,248', '2,366,269.84', '162,273.64', '0', '0', '-0,728', '0,728', '0', '0', '0,06', '0', '0', '1,559,403,908', '0', '0,9', '0'),
(215, '2019-06-01 17:50:00', 4222, '20,302', '154082547,4', '0', '333,248', '2,366,329.56', '162,273.64', '0', '0', '-0,717', '0,717', '0', '0', '0,06', '0', '0', '1,559,404,208', '0', '0,9', '0'),
(216, '2019-06-01 17:55:00', 4222, '20,302', '154082547,4', '0', '333,248', '2,366,389.32', '162,273.64', '0', '0', '-0,717', '0,717', '0', '0', '0,06', '0', '0', '1,559,404,508', '0', '0,9', '0'),
(217, '2019-06-01 18:00:00', 4222, '20,302', '154082547,4', '0', '333,248', '2,366,449.08', '162,273.64', '0', '0', '-0,715', '0,715', '0', '0', '0,06', '0', '0', '1,559,404,809', '0', '0,9', '0'),
(218, '2019-06-01 18:05:00', 4222, '20,302', '154082547,4', '0', '333,248', '2,366,508.8', '162,273.64', '0', '0', '-0,719', '0,719', '0', '0', '0,06', '0', '0', '1,559,405,108', '0', '0,9', '0'),
(219, '2019-06-01 18:10:00', 4222, '20,302', '154082547,4', '0', '333,248', '2,366,568.44', '162,273.64', '0', '0', '-0,716', '0,716', '0', '0', '0,06', '0', '0', '1,559,405,408', '0', '0,9', '0'),
(220, '2019-06-01 18:15:00', 4222, '20,302', '154082547,4', '0', '333,248', '2,366,628.12', '162,273.64', '0', '0', '-0,716', '0,716', '0', '0', '0,06', '0', '0', '1,559,405,708', '0', '0,9', '0'),
(221, '2019-06-01 18:20:00', 4222, '20,302', '154082547,4', '0', '333,248', '2,366,687.72', '162,273.64', '0', '0', '-0,715', '0,715', '0', '0', '0,06', '0', '0', '1,559,406,008', '0', '0,9', '0'),
(222, '2019-06-01 18:25:00', 4222, '20,302', '154082547,4', '0', '333,248', '2,366,747.48', '162,273.64', '0', '0', '-0,717', '0,717', '0', '0', '0,06', '0', '0', '1,559,406,308', '0', '0,9', '0'),
(223, '2019-06-01 18:30:00', 4222, '20,302', '154082547,4', '0', '333,248', '2,366,806.8', '162,273.64', '0', '0', '-0,71', '0,71', '0', '0', '0,059', '0', '0', '1,559,406,609', '0', '0,9', '0'),
(224, '2019-06-01 18:35:00', 4222, '20,302', '154082547,4', '0', '333,248', '2,366,866.4', '162,273.64', '0', '0', '-0,718', '0,718', '0', '0', '0,06', '0', '0', '1,559,406,908', '0', '0,9', '0'),
(225, '2019-06-01 18:40:00', 4222, '20,302', '154082547,4', '0', '333,248', '2,366,926.04', '162,273.64', '0', '0', '-0,716', '0,716', '0', '0', '0,06', '0', '0', '1,559,407,208', '0', '0,9', '0'),
(226, '2019-06-01 18:45:00', 4222, '20,302', '154082547,4', '0', '333,248', '2,366,985.8', '162,273.64', '0', '0', '-0,717', '0,717', '0', '0', '0,06', '0', '0', '1,559,407,508', '0', '0,9', '0'),
(227, '2019-06-01 18:50:00', 4222, '20,302', '154082547,4', '0', '333,248', '2,367,045.6', '162,273.64', '0', '0', '-0,718', '0,718', '0', '0', '0,06', '0', '0', '1,559,407,808', '0', '0,9', '0'),
(228, '2019-06-01 18:55:00', 4222, '20,302', '154082547,4', '0', '333,248', '2,367,105.68', '162,273.64', '0', '0', '-0,721', '0,721', '0', '0', '0,06', '0', '0', '1,559,408,108', '0', '0,9', '0'),
(229, '2019-06-01 19:00:00', 4222, '20,302', '154082547,4', '0', '333,248', '2,367,166.16', '162,273.64', '0', '0', '-0,723', '0,723', '0', '0', '0,061', '0', '0', '1,559,408,409', '0', '0,9', '0'),
(230, '2019-06-01 19:05:00', 4222, '20,302', '154082547,4', '0', '333,248', '2,367,226.68', '162,273.64', '0', '0', '-0,729', '0,729', '0', '0', '0,061', '0', '0', '1,559,408,708', '0', '0,9', '0'),
(231, '2019-06-01 19:10:00', 4222, '20,302', '154082547,4', '0', '333,248', '2,367,286.88', '162,273.64', '0', '0', '-0,722', '0,722', '0', '0', '0,06', '0', '0', '1,559,409,008', '0', '0,9', '0'),
(232, '2019-06-01 19:15:00', 4222, '20,302', '154082547,4', '0', '333,248', '2,367,347.64', '162,273.64', '0', '0', '-0,729', '0,729', '0', '0', '0,061', '0', '0', '1,559,409,308', '0', '0,9', '0'),
(233, '2019-06-01 19:20:00', 4222, '20,302', '154082547,4', '0', '333,248', '2,367,408.08', '162,273.64', '0', '0', '-0,725', '0,725', '0', '0', '0,06', '0', '0', '1,559,409,608', '0', '0,9', '0'),
(234, '2019-06-01 19:25:00', 4222, '20,302', '154082547,4', '0', '333,248', '2,367,468.8', '162,273.64', '0', '0', '-0,729', '0,729', '0', '0', '0,061', '0', '0', '1,559,409,908', '0', '0,9', '0'),
(235, '2019-06-01 19:30:00', 4222, '20,302', '154082547,4', '0', '333,248', '2,367,529.64', '162,273.64', '0', '0', '-0,73', '0,73', '0', '0', '0,061', '0', '0', '1,559,410,208', '0', '0,9', '0'),
(236, '2019-06-01 19:35:00', 4222, '20,302', '154082547,4', '0', '333,248', '2,367,589.84', '162,273.64', '0', '0', '-0,722', '0,722', '0', '0', '0,06', '0', '0', '1,559,410,508', '0', '0,9', '0'),
(237, '2019-06-01 19:40:00', 4222, '20,302', '154082547,4', '0', '333,248', '2,367,650.24', '162,273.64', '0', '0', '-0,725', '0,725', '0', '0', '0,06', '0', '0', '1,559,410,808', '0', '0,9', '0'),
(238, '2019-06-01 19:45:00', 4222, '20,302', '154082547,4', '0', '333,248', '2,367,710.52', '162,273.64', '0', '0', '-0,723', '0,723', '0', '0', '0,06', '0', '0', '1,559,411,108', '0', '0,9', '0'),
(239, '2019-06-01 19:50:00', 4222, '20,302', '154082547,4', '0', '333,248', '2,367,771.72', '162,273.64', '0', '0', '-0,734', '0,734', '0', '0', '0,061', '0', '0', '1,559,411,408', '0', '0,9', '0'),
(240, '2019-06-01 19:55:00', 4222, '20,302', '154082547,4', '0', '333,248', '2,367,832.48', '162,273.64', '0', '0', '-0,729', '0,729', '0', '0', '0,061', '0', '0', '1,559,411,708', '0', '0,9', '0'),
(241, '2019-06-01 20:00:00', 4222, '20,302', '154082547,4', '0', '333,248', '2,367,893.84', '162,273.64', '0', '0', '-0,734', '0,734', '0', '0', '0,061', '0', '0', '1,559,412,009', '0', '0,9', '0'),
(242, '2019-06-01 20:05:00', 4222, '20,302', '154082547,4', '0', '333,248', '2,367,954.48', '162,273.64', '0', '0', '-0,73', '0,73', '0', '0', '0,061', '0', '0', '1,559,412,308', '0', '0,9', '0'),
(243, '2019-06-01 20:10:00', 4222, '20,302', '154082547,4', '0', '333,248', '2,368,014.92', '162,273.64', '0', '0', '-0,725', '0,725', '0', '0', '0,06', '0', '0', '1,559,412,608', '0', '0,9', '0'),
(244, '2019-06-01 20:15:00', 4222, '20,302', '154082547,4', '0', '333,248', '2,368,074.56', '162,273.64', '0', '0', '-0,716', '0,716', '0', '0', '0,06', '0', '0', '1,559,412,908', '0', '0,9', '0'),
(245, '2019-06-01 20:20:00', 4222, '20,302', '154082547,4', '0', '333,248', '2,368,133.96', '162,273.64', '0', '0', '-0,713', '0,713', '0', '0', '0,059', '0', '0', '1,559,413,208', '0', '0,9', '0'),
(246, '2019-06-01 20:25:00', 4222, '20,302', '154082547,4', '0', '333,248', '2,368,194.2', '162,273.64', '0', '0', '-0,721', '0,721', '0', '0', '0,06', '0', '0', '1,559,413,509', '0', '0,9', '0'),
(247, '2019-06-01 20:30:00', 4222, '20,302', '154082547,4', '0', '333,248', '2,368,254.56', '162,273.64', '0', '0', '-0,727', '0,727', '0', '0', '0,06', '0', '0', '1,559,413,808', '0', '0,9', '0');
INSERT INTO `meter_data` (`id`, `t_stamp`, `meter_id`, `impwh`, `expwh`, `q1varh`, `q2varh`, `q3varh`, `q4varh`, `vah`, `ptot`, `qtot`, `stot`, `difference_imp_kwh`, `difference_exp_kwh`, `expkvarh`, `impkvarh`, `derived_data`, `epoch_tstamp`, `kwh`, `rate_per_kwh`, `cost`) VALUES
(248, '2019-06-01 20:35:00', 4222, '20,302', '154082547,4', '0', '333,248', '2,368,315', '162,273.64', '0', '0', '-0,723', '0,723', '0', '0', '0,06', '0', '0', '1,559,414,109', '0', '0,9', '0'),
(249, '2019-06-01 20:40:00', 4222, '20,302', '154082547,4', '0', '333,248', '2,368,373.72', '162,273.64', '0', '0', '-0,707', '0,707', '0', '0', '0,059', '0', '0', '1,559,414,408', '0', '0,9', '0'),
(250, '2019-06-01 20:45:00', 4222, '20,302', '154082547,4', '0', '333,248', '2,368,432.44', '162,273.64', '0', '0', '-0,705', '0,705', '0', '0', '0,059', '0', '0', '1,559,414,708', '0', '0,9', '0'),
(251, '2019-06-01 20:50:00', 4222, '20,302', '154082547,4', '0', '333,248', '2,368,491.88', '162,273.64', '0', '0', '-0,711', '0,711', '0', '0', '0,059', '0', '0', '1,559,415,009', '0', '0,9', '0'),
(252, '2019-06-01 20:55:00', 4222, '20,302', '154082547,4', '0', '333,248', '2,368,550.8', '162,273.64', '0', '0', '-0,709', '0,709', '0', '0', '0,059', '0', '0', '1,559,415,308', '0', '0,9', '0'),
(253, '2019-06-01 21:00:00', 4222, '20,302', '154082547,4', '0', '333,248', '2,368,610.48', '162,273.64', '0', '0', '-0,714', '0,714', '0', '0', '0,06', '0', '0', '1,559,415,609', '0', '0,9', '0'),
(254, '2019-06-01 21:05:00', 4222, '20,302', '154082547,4', '0', '333,248', '2,368,669.44', '162,273.64', '0', '0', '-0,71', '0,71', '0', '0', '0,059', '0', '0', '1,559,415,908', '0', '0,9', '0'),
(255, '2019-06-01 21:10:00', 4222, '20,302', '154082547,4', '0', '333,248', '2,368,728.8', '162,273.64', '0', '0', '-0,71', '0,71', '0', '0', '0,059', '0', '0', '1,559,416,209', '0', '0,9', '0'),
(256, '2019-06-01 21:15:00', 4222, '20,302', '154082547,4', '0', '333,248', '2,368,788.28', '162,273.64', '0', '0', '-0,714', '0,714', '0', '0', '0,06', '0', '0', '1,559,416,509', '0', '0,9', '0'),
(257, '2019-06-01 21:20:00', 4222, '20,302', '154082547,4', '0', '333,248', '2,368,847.68', '162,273.64', '0', '0', '-0,715', '0,715', '0', '0', '0,059', '0', '0', '1,559,416,808', '0', '0,9', '0'),
(258, '2019-06-01 21:25:00', 4222, '20,302', '154082547,4', '0', '333,248', '2,368,907.24', '162,273.64', '0', '0', '-0,712', '0,712', '0', '0', '0,06', '0', '0', '1,559,417,109', '0', '0,9', '0'),
(259, '2019-06-01 21:30:00', 4222, '20,302', '154082547,4', '0', '333,248', '2,368,966.88', '162,273.64', '0', '0', '-0,718', '0,718', '0', '0', '0,06', '0', '0', '1,559,417,408', '0', '0,9', '0'),
(260, '2019-06-01 21:35:00', 4222, '20,302', '154082547,4', '0', '333,248', '2,369,026.8', '162,273.64', '0', '0', '-0,717', '0,717', '0', '0', '0,06', '0', '0', '1,559,417,709', '0', '0,9', '0'),
(261, '2019-06-01 21:40:00', 4222, '20,302', '154082547,4', '0', '333,248', '2,369,086.72', '162,273.64', '0', '0', '-0,721', '0,721', '0', '0', '0,06', '0', '0', '1,559,418,008', '0', '0,9', '0'),
(262, '2019-06-01 21:45:00', 4222, '20,302', '154082547,4', '0', '333,248', '2,369,146.72', '162,273.64', '0', '0', '-0,72', '0,72', '0', '0', '0,06', '0', '0', '1,559,418,308', '0', '0,9', '0'),
(263, '2019-06-01 21:50:00', 4222, '20,302', '154082547,4', '0', '333,248', '2,369,207.52', '162,273.64', '0', '0', '-0,722', '0,722', '0', '0', '0,06', '0', '0', '1,559,418,609', '0', '0,9', '0'),
(264, '2019-06-01 21:55:00', 4222, '20,302', '154082547,4', '0', '333,248', '2,369,268.44', '162,273.64', '0', '0', '-0,734', '0,734', '0', '0', '0,061', '0', '0', '1,559,418,908', '0', '0,9', '0'),
(265, '2019-06-01 22:00:00', 4222, '20,302', '154082547,4', '0', '333,248', '2,369,329.52', '162,273.64', '0', '0', '-0,733', '0,733', '0', '0', '0,061', '0', '0', '1,559,419,208', '0', '0,9', '0'),
(266, '2019-06-01 22:05:00', 4222, '20,302', '154082547,4', '0', '333,248', '2,369,390.44', '162,273.64', '0', '0', '-0,731', '0,731', '0', '0', '0,061', '0', '0', '1,559,419,508', '0', '0,9', '0'),
(267, '2019-06-01 22:10:00', 4222, '20,302', '154082547,4', '0', '333,248', '2,369,450.76', '162,273.64', '0', '0', '-0,724', '0,724', '0', '0', '0,06', '0', '0', '1,559,419,808', '0', '0,9', '0'),
(268, '2019-06-01 22:15:00', 4222, '20,302', '154082547,4', '0', '333,248', '2,369,511.2', '162,273.64', '0', '0', '-0,725', '0,725', '0', '0', '0,06', '0', '0', '1,559,420,108', '0', '0,9', '0'),
(269, '2019-06-01 22:20:00', 4222, '20,302', '154082547,4', '0', '333,248', '2,369,571.36', '162,273.64', '0', '0', '-0,72', '0,72', '0', '0', '0,06', '0', '0', '1,559,420,409', '0', '0,9', '0'),
(270, '2019-06-01 22:25:00', 4222, '20,302', '154082547,4', '0', '333,248', '2,369,631.92', '162,273.64', '0', '0', '-0,729', '0,729', '0', '0', '0,061', '0', '0', '1,559,420,708', '0', '0,9', '0'),
(271, '2019-06-01 22:30:00', 4222, '20,302', '154082547,4', '0', '333,248', '2,369,693.08', '162,273.64', '0', '0', '-0,732', '0,732', '0', '0', '0,061', '0', '0', '1,559,421,009', '0', '0,9', '0'),
(272, '2019-06-01 22:35:00', 4222, '20,302', '154082547,4', '0', '333,248', '2,369,753.48', '162,273.64', '0', '0', '-0,725', '0,725', '0', '0', '0,06', '0', '0', '1,559,421,309', '0', '0,9', '0'),
(273, '2019-06-01 22:40:00', 4222, '20,302', '154082547,4', '0', '333,248', '2,369,814.28', '162,273.64', '0', '0', '-0,732', '0,732', '0', '0', '0,061', '0', '0', '1,559,421,608', '0', '0,9', '0'),
(274, '2019-06-01 22:45:00', 4222, '20,302', '154082547,4', '0', '333,248', '2,369,875.4', '162,273.64', '0', '0', '-0,733', '0,733', '0', '0', '0,061', '0', '0', '1,559,421,908', '0', '0,9', '0'),
(275, '2019-06-01 22:50:00', 4222, '20,302', '154082547,4', '0', '333,248', '2,369,935.92', '162,273.64', '0', '0', '-0,724', '0,724', '0', '0', '0,061', '0', '0', '1,559,422,209', '0', '0,9', '0'),
(276, '2019-06-01 22:55:00', 4222, '20,302', '154082547,4', '0', '333,248', '2,369,995.96', '162,273.64', '0', '0', '-0,723', '0,723', '0', '0', '0,06', '0', '0', '1,559,422,508', '0', '0,9', '0'),
(277, '2019-06-01 23:00:00', 4222, '20,302', '154082547,4', '0', '333,248', '2,370,056.04', '162,273.64', '0', '0', '-0,721', '0,721', '0', '0', '0,06', '0', '0', '1,559,422,808', '0', '0,9', '0'),
(278, '2019-06-01 23:05:00', 4222, '20,302', '154082547,4', '0', '333,248', '2,370,115.56', '162,273.64', '0', '0', '-0,714', '0,714', '0', '0', '0,06', '0', '0', '1,559,423,108', '0', '0,9', '0'),
(279, '2019-06-01 23:10:00', 4222, '20,302', '154082547,4', '0', '333,248', '2,370,175.36', '162,273.64', '0', '0', '-0,718', '0,718', '0', '0', '0,06', '0', '0', '1,559,423,408', '0', '0,9', '0'),
(280, '2019-06-01 23:15:00', 4222, '20,302', '154082547,4', '0', '333,248', '2,370,235.24', '162,273.64', '0', '0', '-0,718', '0,718', '0', '0', '0,06', '0', '0', '1,559,423,708', '0', '0,9', '0'),
(281, '2019-06-01 23:20:00', 4222, '20,302', '154082547,4', '0', '333,248', '2,370,295.48', '162,273.64', '0', '0', '-0,721', '0,721', '0', '0', '0,06', '0', '0', '1,559,424,009', '0', '0,9', '0'),
(282, '2019-06-01 23:25:00', 4222, '20,302', '154082547,4', '0', '333,248', '2,370,355.36', '162,273.64', '0', '0', '-0,721', '0,721', '0', '0', '0,06', '0', '0', '1,559,424,308', '0', '0,9', '0'),
(283, '2019-06-01 23:30:00', 4222, '20,302', '154082547,4', '0', '333,248', '2,370,415.08', '162,273.64', '0', '0', '-0,717', '0,717', '0', '0', '0,06', '0', '0', '1,559,424,608', '0', '0,9', '0'),
(284, '2019-06-01 23:35:00', 4222, '20,302', '154082547,4', '0', '333,248', '2,370,475.52', '162,273.64', '0', '0', '-0,723', '0,723', '0', '0', '0,06', '0', '0', '1,559,424,909', '0', '0,9', '0'),
(285, '2019-06-01 23:40:00', 4222, '20,302', '154082547,4', '0', '333,248', '2,370,535.72', '162,273.64', '0', '0', '-0,725', '0,725', '0', '0', '0,06', '0', '0', '1,559,425,208', '0', '0,9', '0'),
(286, '2019-06-01 23:45:00', 4222, '20,302', '154082547,4', '0', '333,248', '2,370,596.16', '162,273.64', '0', '0', '-0,725', '0,725', '0', '0', '0,06', '0', '0', '1,559,425,508', '0', '0,9', '0'),
(287, '2019-06-01 23:50:00', 4222, '20,302', '154082547,4', '0', '333,248', '2,370,656.96', '162,273.64', '0', '0', '-0,727', '0,727', '0', '0', '0,061', '0', '0', '1,559,425,809', '0', '0,9', '0'),
(288, '2019-06-01 23:55:00', 4222, '20,302', '154082547,4', '0', '333,248', '2,370,717.72', '162,273.64', '0', '0', '-0,732', '0,732', '0', '0', '0,061', '0', '0', '1,559,426,108', '0', '0,9', '0'),
(289, '2019-06-01 00:00:00', 5117, '69451,68', '177159790,3', '0', '0,24', '1882746', '696011,28', '0', '0', '-2,454', '2,454', '0', '0', '0,205', '0', '0', '1559340008', '0', '0,9', '0'),
(290, '2019-06-01 00:05:00', 5117, '69451,68', '177159790,3', '0', '0,24', '1882952,16', '696011,28', '0', '0', '-2,466', '2,466', '0', '0', '0,206', '0', '0', '1559340309', '0', '0,9', '0'),
(291, '2019-06-01 00:10:00', 5117, '69451,68', '177159790,3', '0', '0,24', '1883157,6', '696011,28', '0', '0', '-2,474', '2,474', '0', '0', '0,205', '0', '0', '1559340608', '0', '0,9', '0'),
(292, '2019-06-01 00:15:00', 5117, '69451,68', '177159790,3', '0', '0,24', '1883362,56', '696011,28', '0', '0', '-2,46', '2,46', '0', '0', '0,205', '0', '0', '1559340908', '0', '0,9', '0'),
(293, '2019-06-01 00:20:00', 5117, '69451,68', '177159790,3', '0', '0,24', '1883568,72', '696011,28', '0', '0', '-2,474', '2,474', '0', '0', '0,206', '0', '0', '1559341208', '0', '0,9', '0'),
(294, '2019-06-01 00:25:00', 5117, '69451,68', '177159790,3', '0', '0,24', '1883775,72', '696011,28', '0', '0', '-2,484', '2,484', '0', '0', '0,207', '0', '0', '1559341508', '0', '0,9', '0'),
(295, '2019-06-01 00:30:00', 5117, '69451,68', '177159790,3', '0', '0,24', '1883978,88', '696011,28', '0', '0', '-2,438', '2,438', '0', '0', '0,203', '0', '0', '1559341808', '0', '0,9', '0'),
(296, '2019-06-01 00:35:00', 5117, '69451,68', '177159790,3', '0', '0,24', '1884183,6', '696011,28', '0', '0', '-2,457', '2,457', '0', '0', '0,205', '0', '0', '1559342108', '0', '0,9', '0'),
(297, '2019-06-01 00:40:00', 5117, '69451,68', '177159790,3', '0', '0,24', '1884387,6', '696011,28', '0', '0', '-2,448', '2,448', '0', '0', '0,204', '0', '0', '1559342408', '0', '0,9', '0'),
(298, '2019-06-01 00:45:00', 5117, '69451,68', '177159790,3', '0', '0,24', '1884590,88', '696011,28', '0', '0', '-2,439', '2,439', '0', '0', '0,203', '0', '0', '1559342708', '0', '0,9', '0'),
(299, '2019-06-01 00:50:00', 5117, '69451,68', '177159790,3', '0', '0,24', '1884797,16', '696011,28', '0', '0', '-2,475', '2,475', '0', '0', '0,206', '0', '0', '1559343008', '0', '0,9', '0'),
(300, '2019-06-01 00:55:00', 5117, '69451,68', '177159790,3', '0', '0,24', '1885003,08', '696011,28', '0', '0', '-2,471', '2,471', '0', '0', '0,206', '0', '0', '1559343308', '0', '0,9', '0'),
(301, '2019-06-01 01:00:00', 5117, '69451,68', '177159790,3', '0', '0,24', '1885209,24', '696011,28', '0', '0', '-2,466', '2,466', '0', '0', '0,206', '0', '0', '1559343609', '0', '0,9', '0'),
(302, '2019-06-01 01:05:00', 5117, '69451,68', '177159790,3', '0', '0,24', '1885413,36', '696011,28', '0', '0', '-2,458', '2,458', '0', '0', '0,204', '0', '0', '1559343908', '0', '0,9', '0'),
(303, '2019-06-01 01:10:00', 5117, '69451,68', '177159790,3', '0', '0,24', '1885617,36', '696011,28', '0', '0', '-2,448', '2,448', '0', '0', '0,204', '0', '0', '1559344208', '0', '0,9', '0'),
(304, '2019-06-01 01:15:00', 5117, '69451,68', '177159790,3', '0', '0,24', '1885822,2', '696011,28', '0', '0', '-2,45', '2,45', '0', '0', '0,205', '0', '0', '1559344509', '0', '0,9', '0'),
(305, '2019-06-01 01:20:00', 5117, '69451,68', '177159790,3', '0', '0,24', '1886026,2', '696011,28', '0', '0', '-2,448', '2,448', '0', '0', '0,204', '0', '0', '1559344809', '0', '0,9', '0'),
(306, '2019-06-01 01:25:00', 5117, '69451,68', '177159790,3', '0', '0,24', '1886230,44', '696011,28', '0', '0', '-2,459', '2,459', '0', '0', '0,204', '0', '0', '1559345108', '0', '0,9', '0'),
(307, '2019-06-01 01:30:00', 5117, '69451,68', '177159790,3', '0', '0,24', '1886434,56', '696011,28', '0', '0', '-2,441', '2,441', '0', '0', '0,204', '0', '0', '1559345409', '0', '0,9', '0'),
(308, '2019-06-01 01:35:00', 5117, '69451,68', '177159790,3', '0', '0,24', '1886639,64', '696011,28', '0', '0', '-2,469', '2,469', '0', '0', '0,205', '0', '0', '1559345708', '0', '0,9', '0'),
(309, '2019-06-01 01:40:00', 5117, '69451,68', '177159790,3', '0', '0,24', '1886844,48', '696011,28', '0', '0', '-2,458', '2,458', '0', '0', '0,205', '0', '0', '1559346008', '0', '0,9', '0'),
(310, '2019-06-01 01:45:00', 5117, '69451,68', '177159790,3', '0', '0,24', '1887049,2', '696011,28', '0', '0', '-2,457', '2,457', '0', '0', '0,205', '0', '0', '1559346308', '0', '0,9', '0'),
(311, '2019-06-01 01:50:00', 5117, '69451,68', '177159790,3', '0', '0,24', '1887253,44', '696011,28', '0', '0', '-2,451', '2,451', '0', '0', '0,204', '0', '0', '1559346608', '0', '0,9', '0'),
(312, '2019-06-01 01:55:00', 5117, '69451,68', '177159790,3', '0', '0,24', '1887458,64', '696011,28', '0', '0', '-2,462', '2,462', '0', '0', '0,205', '0', '0', '1559346908', '0', '0,9', '0'),
(313, '2019-06-01 02:00:00', 5117, '69451,68', '177159790,3', '0', '0,24', '1887662,88', '696011,28', '0', '0', '-2,451', '2,451', '0', '0', '0,204', '0', '0', '1559347208', '0', '0,9', '0'),
(314, '2019-06-01 02:05:00', 5117, '69451,68', '177159790,3', '0', '0,24', '1887867,48', '696011,28', '0', '0', '-2,455', '2,455', '0', '0', '0,205', '0', '0', '1559347508', '0', '0,9', '0'),
(315, '2019-06-01 02:10:00', 5117, '69451,68', '177159790,3', '0', '0,24', '1888072,08', '696011,28', '0', '0', '-2,455', '2,455', '0', '0', '0,205', '0', '0', '1559347808', '0', '0,9', '0'),
(316, '2019-06-01 02:15:00', 5117, '69451,68', '177159790,3', '0', '0,24', '1888278', '696011,28', '0', '0', '-2,463', '2,463', '0', '0', '0,206', '0', '0', '1559348109', '0', '0,9', '0'),
(317, '2019-06-01 02:20:00', 5117, '69451,68', '177159790,3', '0', '0,24', '1888483,44', '696011,28', '0', '0', '-2,465', '2,465', '0', '0', '0,205', '0', '0', '1559348409', '0', '0,9', '0'),
(318, '2019-06-01 02:25:00', 5117, '69451,68', '177159790,3', '0', '0,24', '1888688,04', '696011,28', '0', '0', '-2,463', '2,463', '0', '0', '0,205', '0', '0', '1559348708', '0', '0,9', '0'),
(319, '2019-06-01 02:30:00', 5117, '69451,68', '177159790,3', '0', '0,24', '1888892,64', '696011,28', '0', '0', '-2,455', '2,455', '0', '0', '0,205', '0', '0', '1559349008', '0', '0,9', '0'),
(320, '2019-06-01 02:35:00', 5117, '69451,68', '177159790,3', '0', '0,24', '1889099,64', '696011,28', '0', '0', '-2,476', '2,476', '0', '0', '0,207', '0', '0', '1559349309', '0', '0,9', '0'),
(321, '2019-06-01 02:40:00', 5117, '69451,68', '177159790,3', '0', '0,24', '1889305,08', '696011,28', '0', '0', '-2,474', '2,474', '0', '0', '0,205', '0', '0', '1559349608', '0', '0,9', '0'),
(322, '2019-06-01 02:45:00', 5117, '69451,68', '177159790,3', '0', '0,24', '1889510,4', '696011,28', '0', '0', '-2,456', '2,456', '0', '0', '0,205', '0', '0', '1559349909', '0', '0,9', '0'),
(323, '2019-06-01 02:50:00', 5117, '69451,68', '177159790,3', '0', '0,24', '1889715,72', '696011,28', '0', '0', '-2,472', '2,472', '0', '0', '0,205', '0', '0', '1559350208', '0', '0,9', '0'),
(324, '2019-06-01 02:55:00', 5117, '69451,68', '177159790,3', '0', '0,24', '1889920,92', '696011,28', '0', '0', '-2,462', '2,462', '0', '0', '0,205', '0', '0', '1559350508', '0', '0,9', '0'),
(325, '2019-06-01 03:00:00', 5117, '69451,68', '177159790,3', '0', '0,24', '1890125,52', '696011,28', '0', '0', '-2,447', '2,447', '0', '0', '0,205', '0', '0', '1559350809', '0', '0,9', '0'),
(326, '2019-06-01 03:05:00', 5117, '69451,68', '177159790,3', '0', '0,24', '1890329,88', '696011,28', '0', '0', '-2,461', '2,461', '0', '0', '0,204', '0', '0', '1559351108', '0', '0,9', '0'),
(327, '2019-06-01 03:10:00', 5117, '69451,68', '177159790,3', '0', '0,24', '1890533,52', '696011,28', '0', '0', '-2,444', '2,444', '0', '0', '0,204', '0', '0', '1559351408', '0', '0,9', '0'),
(328, '2019-06-01 03:15:00', 5117, '69451,68', '177159790,3', '0', '0,24', '1890738,84', '696011,28', '0', '0', '-2,456', '2,456', '0', '0', '0,205', '0', '0', '1559351709', '0', '0,9', '0'),
(329, '2019-06-01 03:20:00', 5117, '69451,68', '177159790,3', '0', '0,24', '1890943,8', '696011,28', '0', '0', '-2,468', '2,468', '0', '0', '0,205', '0', '0', '1559352008', '0', '0,9', '0'),
(330, '2019-06-01 03:25:00', 5117, '69451,68', '177159790,3', '0', '0,24', '1891149,24', '696011,28', '0', '0', '-2,465', '2,465', '0', '0', '0,205', '0', '0', '1559352308', '0', '0,9', '0'),
(331, '2019-06-01 03:30:00', 5117, '69451,68', '177159790,3', '0', '0,24', '1891355,4', '696011,28', '0', '0', '-2,474', '2,474', '0', '0', '0,206', '0', '0', '1559352608', '0', '0,9', '0'),
(332, '2019-06-01 03:35:00', 5117, '69451,68', '177159790,3', '0', '0,24', '1891559,76', '696011,28', '0', '0', '-2,452', '2,452', '0', '0', '0,204', '0', '0', '1559352908', '0', '0,9', '0'),
(333, '2019-06-01 03:40:00', 5117, '69451,68', '177159790,3', '0', '0,24', '1891765,2', '696011,28', '0', '0', '-2,457', '2,457', '0', '0', '0,205', '0', '0', '1559353209', '0', '0,9', '0'),
(334, '2019-06-01 03:45:00', 5117, '69451,68', '177159790,3', '0', '0,24', '1891969,56', '696011,28', '0', '0', '-2,461', '2,461', '0', '0', '0,204', '0', '0', '1559353508', '0', '0,9', '0'),
(335, '2019-06-01 03:50:00', 5117, '69451,68', '177159790,3', '0', '0,24', '1892174,28', '696011,28', '0', '0', '-2,449', '2,449', '0', '0', '0,205', '0', '0', '1559353809', '0', '0,9', '0'),
(336, '2019-06-01 03:55:00', 5117, '69451,68', '177159790,3', '0', '0,24', '1892378,64', '696011,28', '0', '0', '-2,452', '2,452', '0', '0', '0,204', '0', '0', '1559354109', '0', '0,9', '0'),
(337, '2019-06-01 04:00:00', 5117, '69451,68', '177159790,3', '0', '0,24', '1892583,6', '696011,28', '0', '0', '-2,468', '2,468', '0', '0', '0,205', '0', '0', '1559354408', '0', '0,9', '0'),
(338, '2019-06-01 04:05:00', 5117, '69451,68', '177159790,3', '0', '0,24', '1892788,8', '696011,28', '0', '0', '-2,462', '2,462', '0', '0', '0,205', '0', '0', '1559354708', '0', '0,9', '0'),
(339, '2019-06-01 04:10:00', 5117, '69451,68', '177159790,3', '0', '0,24', '1892992,8', '696011,28', '0', '0', '-2,448', '2,448', '0', '0', '0,204', '0', '0', '1559355008', '0', '0,9', '0'),
(340, '2019-06-01 04:15:00', 5117, '69451,68', '177159790,3', '0', '0,24', '1893195,12', '696011,28', '0', '0', '-2,428', '2,428', '0', '0', '0,202', '0', '0', '1559355308', '0', '0,9', '0'),
(341, '2019-06-01 04:20:00', 5117, '69451,68', '177159790,3', '0', '0,24', '1893401,76', '696011,28', '0', '0', '-2,48', '2,48', '0', '0', '0,207', '0', '0', '1559355608', '0', '0,9', '0'),
(342, '2019-06-01 04:25:00', 5117, '69451,68', '177159790,3', '0', '0,24', '1893608,04', '696011,28', '0', '0', '-2,467', '2,467', '0', '0', '0,206', '0', '0', '1559355909', '0', '0,9', '0'),
(343, '2019-06-01 04:30:00', 5117, '69451,68', '177159790,3', '0', '0,24', '1893813,48', '696011,28', '0', '0', '-2,474', '2,474', '0', '0', '0,205', '0', '0', '1559356208', '0', '0,9', '0'),
(344, '2019-06-01 04:35:00', 5117, '69451,68', '177159790,3', '0', '0,24', '1894017,6', '696011,28', '0', '0', '-2,449', '2,449', '0', '0', '0,204', '0', '0', '1559356508', '0', '0,9', '0'),
(345, '2019-06-01 04:40:00', 5117, '69451,68', '177159790,3', '0', '0,24', '1894219,32', '696011,28', '0', '0', '-2,421', '2,421', '0', '0', '0,202', '0', '0', '1559356808', '0', '0,9', '0'),
(346, '2019-06-01 04:45:00', 5117, '69451,68', '177159790,3', '0', '0,24', '1894422,12', '696011,28', '0', '0', '-2,434', '2,434', '0', '0', '0,203', '0', '0', '1559357108', '0', '0,9', '0'),
(347, '2019-06-01 04:50:00', 5117, '69451,68', '177159790,3', '0', '0,24', '1894624,68', '696011,28', '0', '0', '-2,431', '2,431', '0', '0', '0,203', '0', '0', '1559357408', '0', '0,9', '0'),
(348, '2019-06-01 04:55:00', 5117, '69451,68', '177159790,3', '0', '0,24', '1894828,68', '696011,28', '0', '0', '-2,44', '2,44', '0', '0', '0,204', '0', '0', '1559357709', '0', '0,9', '0'),
(349, '2019-06-01 05:00:00', 5117, '69451,68', '177159790,3', '0', '0,24', '1895030,16', '696011,28', '0', '0', '-2,426', '2,426', '0', '0', '0,202', '0', '0', '1559358008', '0', '0,9', '0'),
(350, '2019-06-01 05:05:00', 5117, '69451,68', '177159790,3', '0', '0,24', '1895232,12', '696011,28', '0', '0', '-2,424', '2,424', '0', '0', '0,202', '0', '0', '1559358308', '0', '0,9', '0'),
(351, '2019-06-01 05:10:00', 5117, '69451,68', '177159790,3', '0', '0,24', '1895432,76', '696011,28', '0', '0', '-2,408', '2,408', '0', '0', '0,201', '0', '0', '1559358608', '0', '0,9', '0'),
(352, '2019-06-01 05:15:00', 5117, '69451,68', '177159790,3', '0', '0,24', '1895634,12', '696011,28', '0', '0', '-2,408', '2,408', '0', '0', '0,201', '0', '0', '1559358909', '0', '0,9', '0'),
(353, '2019-06-01 05:20:00', 5117, '69451,68', '177159790,3', '0', '0,24', '1895833,32', '696011,28', '0', '0', '-2,398', '2,398', '0', '0', '0,199', '0', '0', '1559359208', '0', '0,9', '0'),
(354, '2019-06-01 05:25:00', 5117, '69451,68', '177159790,3', '0', '0,24', '1896031,68', '696011,28', '0', '0', '-2,38', '2,38', '0', '0', '0,198', '0', '0', '1559359508', '0', '0,9', '0'),
(355, '2019-06-01 05:30:00', 5117, '69451,68', '177159790,3', '0', '0,24', '1896230,04', '696011,28', '0', '0', '-2,38', '2,38', '0', '0', '0,198', '0', '0', '1559359808', '0', '0,9', '0'),
(356, '2019-06-01 05:35:00', 5117, '69451,68', '177159790,3', '0', '0,24', '1896427,56', '696011,28', '0', '0', '-2,37', '2,37', '0', '0', '0,198', '0', '0', '1559360108', '0', '0,9', '0'),
(357, '2019-06-01 05:40:00', 5117, '69451,68', '177159790,3', '0', '0,24', '1896625,92', '696011,28', '0', '0', '-2,372', '2,372', '0', '0', '0,198', '0', '0', '1559360409', '0', '0,9', '0'),
(358, '2019-06-01 05:45:00', 5117, '69451,68', '177159790,3', '0', '0,24', '1896822,96', '696011,28', '0', '0', '-2,372', '2,372', '0', '0', '0,197', '0', '0', '1559360708', '0', '0,9', '0'),
(359, '2019-06-01 05:50:00', 5117, '69451,68', '177159790,3', '0', '0,24', '1897022,52', '696011,28', '0', '0', '-2,387', '2,387', '0', '0', '0,2', '0', '0', '1559361009', '0', '0,9', '0'),
(360, '2019-06-01 05:55:00', 5117, '69451,68', '177159790,3', '0', '0,24', '1897221,48', '696011,28', '0', '0', '-2,396', '2,396', '0', '0', '0,199', '0', '0', '1559361308', '0', '0,9', '0'),
(361, '2019-06-01 06:00:00', 5117, '69451,68', '177159790,3', '0', '0,24', '1897419,6', '696011,28', '0', '0', '-2,377', '2,377', '0', '0', '0,198', '0', '0', '1559361608', '0', '0,9', '0'),
(362, '2019-06-01 06:05:00', 5117, '69451,68', '177159790,3', '0', '0,24', '1897619,88', '696011,28', '0', '0', '-2,403', '2,403', '0', '0', '0,2', '0', '0', '1559361908', '0', '0,9', '0'),
(363, '2019-06-01 06:10:00', 5117, '69451,68', '177159790,3', '0', '0,24', '1897819,56', '696011,28', '0', '0', '-2,396', '2,396', '0', '0', '0,2', '0', '0', '1559362208', '0', '0,9', '0'),
(364, '2019-06-01 06:15:00', 5117, '69451,68', '177159790,3', '0', '0,24', '1898018,64', '696011,28', '0', '0', '-2,389', '2,389', '0', '0', '0,199', '0', '0', '1559362508', '0', '0,9', '0'),
(365, '2019-06-01 06:20:00', 5117, '69451,68', '177159790,3', '0', '0,24', '1898216,52', '696011,28', '0', '0', '-2,375', '2,375', '0', '0', '0,198', '0', '0', '1559362808', '0', '0,9', '0'),
(366, '2019-06-01 06:25:00', 5117, '69451,68', '177159790,3', '0', '0,24', '1898418,36', '696011,28', '0', '0', '-2,422', '2,422', '0', '0', '0,202', '0', '0', '1559363108', '0', '0,9', '0'),
(367, '2019-06-01 06:30:00', 5117, '69451,68', '177159790,3', '0', '0,24', '1898618,64', '696011,28', '0', '0', '-2,403', '2,403', '0', '0', '0,2', '0', '0', '1559363408', '0', '0,9', '0'),
(368, '2019-06-01 06:35:00', 5117, '69451,68', '177159790,3', '0', '0,24', '1898819,52', '696011,28', '0', '0', '-2,411', '2,411', '0', '0', '0,201', '0', '0', '1559363708', '0', '0,9', '0'),
(369, '2019-06-01 06:40:00', 5117, '69451,68', '177159790,3', '0', '0,24', '1899013,56', '696011,28', '0', '0', '-2,321', '2,321', '0', '0', '0,194', '0', '0', '1559364009', '0', '0,9', '0'),
(370, '2019-06-01 06:45:00', 5117, '69451,68', '177159809,5', '0', '0,24', '1899089,64', '696011,28', '0', '-0,231', '-0,916', '0,945', '0', '0,019', '0,076', '0', '0', '1559364308', '0,019', '0,9', '0,0171'),
(371, '2019-06-01 06:50:00', 5117, '69451,68', '177159877,3', '0', '0,24', '1899089,64', '696011,28', '0', '-0,811', '0', '0,811', '0', '0,068', '0', '0', '0', '1559364609', '0,068', '0,9', '0,0612'),
(372, '2019-06-01 06:55:00', 5117, '69451,68', '177160004,5', '0', '0,24', '1899089,64', '696011,28', '0', '-1,526', '0', '1,526', '0', '0,127', '0', '0', '0', '1559364909', '0,127', '0,9', '0,1143'),
(373, '2019-06-01 07:00:00', 5117, '69451,68', '177160212,8', '0', '0,24', '1899089,64', '696011,28', '0', '-2,5', '0', '2,5', '0', '0,208', '0', '0', '0', '1559365209', '0,208', '0,9', '0,1872'),
(374, '2019-06-01 07:05:00', 5117, '69451,68', '177160559', '0', '0,24', '1899089,64', '696011,28', '0', '-4,154', '0', '4,154', '0', '0,346', '0', '0', '0', '1559365509', '0,346', '0,9', '0,3114'),
(375, '2019-06-01 07:10:00', 5117, '69451,68', '177161238,2', '0', '0,24', '1899089,64', '696011,28', '0', '-8,15', '0', '8,15', '0', '0,679', '0', '0', '0', '1559365809', '0,679', '0,9', '0,6111'),
(376, '2019-06-01 07:15:00', 5117, '69451,68', '177162314,3', '0', '0,24', '1899089,64', '696011,28', '0', '-12,913', '0', '12,913', '0', '1,076', '0', '0', '0', '1559366109', '1,076', '0,9', '0,9684'),
(377, '2019-06-01 07:20:00', 5117, '69451,68', '177163464,8', '0', '0,24', '1899089,64', '696011,28', '0', '-13,853', '0', '13,853', '0', '1,151', '0', '0', '0', '1559366408', '1,151', '0,9', '1,0359'),
(378, '2019-06-01 07:25:00', 5117, '69451,68', '177164051,3', '0', '0,24', '1899089,64', '696011,28', '0', '-7,037', '0', '7,037', '0', '0,586', '0', '0', '0', '1559366708', '0,586', '0,9', '0,5274'),
(379, '2019-06-01 07:30:00', 5117, '69451,68', '177164737,2', '0', '0,24', '1899089,64', '696011,28', '0', '-8,231', '0', '8,231', '0', '0,686', '0', '0', '0', '1559367008', '0,686', '0,9', '0,6174'),
(380, '2019-06-01 07:35:00', 5117, '69451,68', '177166196,3', '0', '0,24', '1899089,64', '696011,28', '0', '-17,509', '0', '17,509', '0', '1,459', '0', '0', '0', '1559367308', '1,459', '0,9', '1,3131'),
(381, '2019-06-01 07:40:00', 5117, '69451,68', '177168553,7', '0', '0,24', '1899089,64', '696011,28', '0', '-28,195', '0', '28,195', '0', '2,357', '0', '0', '0', '1559367609', '2,357', '0,9', '2,1213'),
(382, '2019-06-01 07:45:00', 5117, '69451,68', '177172079,5', '0', '0,24', '1899089,64', '696011,28', '0', '-42,31', '0', '42,31', '0', '3,526', '0', '0', '0', '1559367909', '3,526', '0,9', '3,1734'),
(383, '2019-06-01 07:50:00', 5117, '69451,68', '177176485,8', '0', '0,24', '1899089,64', '696011,28', '0', '-53,052', '0', '53,052', '0', '4,406', '0', '0', '0', '1559368208', '4,406', '0,9', '3,9654'),
(384, '2019-06-01 07:55:00', 5117, '69451,68', '177181403,5', '0', '0,24', '1899089,64', '696011,28', '0', '-58,817', '0', '58,817', '0', '4,918', '0', '0', '0', '1559368509', '4,918', '0,9', '4,4262'),
(385, '2019-06-01 08:00:00', 5117, '69451,68', '177187375', '0', '0,24', '1899089,64', '696011,28', '0', '-71,897', '0', '71,897', '0', '5,971', '0', '0', '0', '1559368808', '5,971', '0,9', '5,3739'),
(386, '2019-06-01 08:05:00', 5117, '69451,68', '177194085,2', '0', '0,24', '1899089,64', '696011,28', '0', '-80,256', '0', '80,256', '0', '6,71', '0', '0', '0', '1559369109', '6,71', '0,9', '6,039'),
(387, '2019-06-01 08:10:00', 5117, '69451,68', '177201419,9', '0', '0,24', '1899089,64', '696011,28', '0', '-88,016', '0', '88,016', '0', '7,335', '0', '0', '0', '1559369409', '7,335', '0,9', '6,6015'),
(388, '2019-06-01 08:15:00', 5117, '69451,68', '177209066,6', '0', '0,24', '1899089,64', '696011,28', '0', '-92,068', '0', '92,068', '0', '7,647', '0', '0', '0', '1559369708', '7,647', '0,9', '6,8823'),
(389, '2019-06-01 08:20:00', 5117, '69451,68', '177217303', '0', '0,24', '1899089,64', '696011,28', '0', '-99,166', '0', '99,166', '0', '8,236', '0', '0', '0', '1559370007', '8,236', '0,9', '7,4124'),
(390, '2019-06-01 08:25:00', 5117, '69451,68', '177226558,9', '0', '0,24', '1899089,64', '696011,28', '0', '-110,703', '0', '110,703', '0', '9,256', '0', '0', '0', '1559370308', '9,256', '0,9', '8,3304'),
(391, '2019-06-01 08:30:00', 5117, '69451,68', '177236414,4', '0', '0,24', '1899089,64', '696011,28', '0', '-117,873', '0', '117,873', '0', '9,856', '0', '0', '0', '1559370609', '9,856', '0,9', '8,8704'),
(392, '2019-06-01 08:35:00', 5117, '69451,68', '177246746', '0', '0,24', '1899089,64', '696011,28', '0', '-124,394', '0', '124,394', '0', '10,332', '0', '0', '0', '1559370908', '10,332', '0,9', '9,2988'),
(393, '2019-06-01 08:40:00', 5117, '69451,68', '177257430,7', '0', '0,24', '1899089,64', '696011,28', '0', '-128,645', '0', '128,645', '0', '10,685', '0', '0', '0', '1559371207', '10,685', '0,9', '9,6165'),
(394, '2019-06-01 08:45:00', 5117, '69451,68', '177268974,2', '0', '0,24', '1899089,64', '696011,28', '0', '-138,062', '0', '138,062', '0', '11,544', '0', '0', '0', '1559371508', '11,544', '0,9', '10,3896'),
(395, '2019-06-01 08:50:00', 5117, '69451,68', '177281007,6', '0', '0,24', '1899089,64', '696011,28', '0', '-144,4', '0', '144,4', '0', '12,033', '0', '0', '0', '1559371808', '12,033', '0,9', '10,8297'),
(396, '2019-06-01 08:55:00', 5117, '69451,68', '177293558,2', '0', '0,24', '1899089,64', '696011,28', '0', '-150,106', '0', '150,106', '0', '12,551', '0', '0', '0', '1559372109', '12,551', '0,9', '11,2959'),
(397, '2019-06-01 09:00:00', 5117, '69451,68', '177306448,8', '0', '0,24', '1899089,64', '696011,28', '0', '-155,205', '0', '155,205', '0', '12,891', '0', '0', '0', '1559372408', '12,891', '0,9', '11,6019'),
(398, '2019-06-01 09:05:00', 5117, '69451,68', '177319821,6', '0', '0,24', '1899089,64', '696011,28', '0', '-160,474', '0', '160,474', '0', '13,373', '0', '0', '0', '1559372708', '13,373', '0,9', '12,0357'),
(399, '2019-06-01 09:10:00', 5117, '69451,68', '177333624,7', '0', '0,24', '1899089,64', '696011,28', '0', '-165,637', '0', '165,637', '0', '13,803', '0', '0', '0', '1559373008', '13,803', '0,9', '12,4227'),
(400, '2019-06-01 09:15:00', 5117, '69451,68', '177347845,8', '0', '0,24', '1899089,64', '696011,28', '0', '-170,086', '0', '170,086', '0', '14,221', '0', '0', '0', '1559373309', '14,221', '0,9', '12,7989'),
(401, '2019-06-01 09:20:00', 5117, '69451,68', '177362377,9', '0', '0,24', '1899089,64', '696011,28', '0', '-174,969', '0', '174,969', '0', '14,532', '0', '0', '0', '1559373608', '14,532', '0,9', '13,0788'),
(402, '2019-06-01 09:25:00', 5117, '69451,68', '177377192,2', '0', '0,24', '1899089,64', '696011,28', '0', '-177,771', '0', '177,771', '0', '14,814', '0', '0', '0', '1559373908', '14,814', '0,9', '13,3326'),
(403, '2019-06-01 09:30:00', 5117, '69451,68', '177392461,3', '0', '0,24', '1899089,64', '696011,28', '0', '-183,23', '0', '183,23', '0', '15,269', '0', '0', '0', '1559374208', '15,269', '0,9', '13,7421'),
(404, '2019-06-01 09:35:00', 5117, '69451,68', '177407957,4', '0', '0,24', '1899089,64', '696011,28', '0', '-185,953', '0', '185,953', '0', '15,496', '0', '0', '0', '1559374508', '15,496', '0,9', '13,9464'),
(405, '2019-06-01 09:40:00', 5117, '69451,68', '177423946,9', '0', '0,24', '1899089,64', '696011,28', '0', '-191,874', '0', '191,874', '0', '15,99', '0', '0', '0', '1559374808', '15,99', '0,9', '14,391'),
(406, '2019-06-01 09:45:00', 5117, '69451,68', '177440257,9', '0', '0,24', '1899089,64', '696011,28', '0', '-193,159', '0', '193,159', '0', '16,15', '0', '0', '0', '1559375109', '16,15', '0,9', '14,535'),
(407, '2019-06-01 09:50:00', 5117, '69451,68', '177456892,2', '0', '0,24', '1899089,64', '696011,28', '0', '-200,279', '0', '200,279', '0', '16,634', '0', '0', '0', '1559375408', '16,634', '0,9', '14,9706'),
(408, '2019-06-01 09:55:00', 5117, '69451,68', '177473891,2', '0', '0,24', '1899089,64', '696011,28', '0', '-203,31', '0', '203,31', '0', '16,999', '0', '0', '0', '1559375709', '16,999', '0,9', '15,2991'),
(409, '2019-06-01 10:00:00', 5117, '69451,68', '177491121,8', '0', '0,24', '1899089,64', '696011,28', '0', '-207,46', '0', '207,46', '0', '17,231', '0', '0', '0', '1559376008', '17,231', '0,9', '15,5079'),
(410, '2019-06-01 10:05:00', 5117, '69451,68', '177508770,7', '0', '0,24', '1899089,64', '696011,28', '0', '-211,787', '0', '211,787', '0', '17,649', '0', '0', '0', '1559376308', '17,649', '0,9', '15,8841'),
(411, '2019-06-01 10:10:00', 5117, '69451,68', '177526799,5', '0', '0,24', '1899089,64', '696011,28', '0', '-215,627', '0', '215,627', '0', '18,029', '0', '0', '0', '1559376609', '18,029', '0,9', '16,2261'),
(412, '2019-06-01 10:15:00', 5117, '69451,68', '177545053,3', '0', '0,24', '1899089,64', '696011,28', '0', '-219,778', '0', '219,778', '0', '18,254', '0', '0', '0', '1559376908', '18,254', '0,9', '16,4286'),
(413, '2019-06-01 10:20:00', 5117, '69451,68', '177563713,4', '0', '0,24', '1899089,64', '696011,28', '0', '-223,178', '0', '223,178', '0', '18,66', '0', '0', '0', '1559377209', '18,66', '0,9', '16,794'),
(414, '2019-06-01 10:25:00', 5117, '69451,68', '177582537', '0', '0,24', '1899089,64', '696011,28', '0', '-226,638', '0', '226,638', '0', '18,824', '0', '0', '0', '1559377508', '18,824', '0,9', '16,9416'),
(415, '2019-06-01 10:30:00', 5117, '69451,68', '177601497,4', '0', '0,24', '1899089,64', '696011,28', '0', '-227,524', '0', '227,524', '0', '18,96', '0', '0', '0', '1559377808', '18,96', '0,9', '17,064'),
(416, '2019-06-01 10:35:00', 5117, '69451,68', '177620925,4', '0', '0,24', '1899089,64', '696011,28', '0', '-233,136', '0', '233,136', '0', '19,428', '0', '0', '0', '1559378108', '19,428', '0,9', '17,4852'),
(417, '2019-06-01 10:40:00', 5117, '69451,68', '177640486,2', '0', '0,24', '1899089,64', '696011,28', '0', '-234,73', '0', '234,73', '0', '19,561', '0', '0', '0', '1559378408', '19,561', '0,9', '17,6049'),
(418, '2019-06-01 10:45:00', 5117, '69451,68', '177660564,6', '0', '0,24', '1899089,64', '696011,28', '0', '-240,14', '0', '240,14', '0', '20,078', '0', '0', '0', '1559378709', '20,078', '0,9', '18,0702'),
(419, '2019-06-01 10:50:00', 5117, '69451,68', '177680882,4', '0', '0,24', '1899089,64', '696011,28', '0', '-243,814', '0', '243,814', '0', '20,318', '0', '0', '0', '1559379009', '20,318', '0,9', '18,2862'),
(420, '2019-06-01 10:55:00', 5117, '69451,68', '177701345', '0', '0,24', '1899089,64', '696011,28', '0', '-246,373', '0', '246,373', '0', '20,463', '0', '0', '0', '1559379308', '20,463', '0,9', '18,4167'),
(421, '2019-06-01 11:00:00', 5117, '69451,68', '177722083,2', '0', '0,24', '1899089,64', '696011,28', '0', '-248,031', '0', '248,031', '0', '20,738', '0', '0', '0', '1559379609', '20,738', '0,9', '18,6642'),
(422, '2019-06-01 11:05:00', 5117, '69451,68', '177742766,8', '0', '0,24', '1899089,64', '696011,28', '0', '-249,033', '0', '249,033', '0', '20,684', '0', '0', '0', '1559379908', '20,684', '0,9', '18,6156'),
(423, '2019-06-01 11:10:00', 5117, '69451,68', '177763951,3', '0', '0,24', '1899089,64', '696011,28', '0', '-253,37', '0', '253,37', '0', '21,185', '0', '0', '0', '1559380209', '21,185', '0,9', '19,0665'),
(424, '2019-06-01 11:15:00', 5117, '69451,68', '177785198', '0', '0,24', '1899089,64', '696011,28', '0', '-254,961', '0', '254,961', '0', '21,247', '0', '0', '0', '1559380509', '21,247', '0,9', '19,1223'),
(425, '2019-06-01 11:20:00', 5117, '69451,68', '177806554,3', '0', '0,24', '1899089,64', '696011,28', '0', '-256,275', '0', '256,275', '0', '21,356', '0', '0', '0', '1559380809', '21,356', '0,9', '19,2204'),
(426, '2019-06-01 11:25:00', 5117, '69451,68', '177827947,3', '0', '0,24', '1899089,64', '696011,28', '0', '-257,575', '0', '257,575', '0', '21,393', '0', '0', '0', '1559381108', '21,393', '0,9', '19,2537'),
(427, '2019-06-01 11:30:00', 5117, '69451,68', '177849273,6', '0', '0,24', '1899089,64', '696011,28', '0', '-255,915', '0', '255,915', '0', '21,326', '0', '0', '0', '1559381408', '21,326', '0,9', '19,1934'),
(428, '2019-06-01 11:35:00', 5117, '69451,68', '177870795,4', '0', '0,24', '1899089,64', '696011,28', '0', '-257,403', '0', '257,403', '0', '21,522', '0', '0', '0', '1559381709', '21,522', '0,9', '19,3698'),
(429, '2019-06-01 11:40:00', 5117, '69451,68', '177892500,5', '0', '0,24', '1899089,64', '696011,28', '0', '-261,333', '0', '261,333', '0', '21,705', '0', '0', '0', '1559382008', '21,705', '0,9', '19,5345'),
(430, '2019-06-01 11:45:00', 5117, '69451,68', '177914137,7', '0', '0,24', '1899089,64', '696011,28', '0', '-258,784', '0', '258,784', '0', '21,637', '0', '0', '0', '1559382309', '21,637', '0,9', '19,4733'),
(431, '2019-06-01 11:50:00', 5117, '69451,68', '177935721', '0', '0,24', '1899089,64', '696011,28', '0', '-259,866', '0', '259,866', '0', '21,583', '0', '0', '0', '1559382608', '21,583', '0,9', '19,4247'),
(432, '2019-06-01 11:55:00', 5117, '69451,68', '177957208,8', '0', '0,24', '1899089,64', '696011,28', '0', '-257,854', '0', '257,854', '0', '21,488', '0', '0', '0', '1559382908', '21,488', '0,9', '19,3392'),
(433, '2019-06-01 12:00:00', 5117, '69451,68', '177978794,6', '0', '0,24', '1899089,64', '696011,28', '0', '-259,03', '0', '259,03', '0', '21,586', '0', '0', '0', '1559383208', '21,586', '0,9', '19,4274'),
(434, '2019-06-01 12:05:00', 5117, '69451,68', '178000214,2', '0', '0,24', '1899089,64', '696011,28', '0', '-257,034', '0', '257,034', '0', '21,42', '0', '0', '0', '1559383508', '21,42', '0,9', '19,278'),
(435, '2019-06-01 12:10:00', 5117, '69451,68', '178021827,8', '0', '0,24', '1899089,64', '696011,28', '0', '-259,364', '0', '259,364', '0', '21,614', '0', '0', '0', '1559383808', '21,614', '0,9', '19,4526'),
(436, '2019-06-01 12:15:00', 5117, '69451,68', '178043332', '0', '0,24', '1899089,64', '696011,28', '0', '-258,049', '0', '258,049', '0', '21,504', '0', '0', '0', '1559384108', '21,504', '0,9', '19,3536'),
(437, '2019-06-01 12:20:00', 5117, '69451,68', '178064814,7', '0', '0,24', '1899089,64', '696011,28', '0', '-257,793', '0', '257,793', '0', '21,483', '0', '0', '0', '1559384408', '21,483', '0,9', '19,3347'),
(438, '2019-06-01 12:25:00', 5117, '69451,68', '178086135,8', '0', '0,24', '1899089,64', '696011,28', '0', '-255,003', '0', '255,003', '0', '21,321', '0', '0', '0', '1559384709', '21,321', '0,9', '19,1889'),
(439, '2019-06-01 12:30:00', 5117, '69451,68', '178107262,4', '0', '0,24', '1899089,64', '696011,28', '0', '-254,367', '0', '254,367', '0', '21,127', '0', '0', '0', '1559385008', '21,127', '0,9', '19,0143'),
(440, '2019-06-01 12:35:00', 5117, '69451,68', '178128235,9', '0', '0,24', '1899089,64', '696011,28', '0', '-251,682', '0', '251,682', '0', '20,974', '0', '0', '0', '1559385308', '20,974', '0,9', '18,8766'),
(441, '2019-06-01 12:40:00', 5117, '69451,68', '178149244,8', '0', '0,24', '1899089,64', '696011,28', '0', '-252,107', '0', '252,107', '0', '21,009', '0', '0', '0', '1559385608', '21,009', '0,9', '18,9081'),
(442, '2019-06-01 12:45:00', 5117, '69451,68', '178169887', '0', '0,24', '1899089,64', '696011,28', '0', '-247,706', '0', '247,706', '0', '20,642', '0', '0', '0', '1559385908', '20,642', '0,9', '18,5778'),
(443, '2019-06-01 12:50:00', 5117, '69451,68', '178190491,2', '0', '0,24', '1899089,64', '696011,28', '0', '-247,251', '0', '247,251', '0', '20,604', '0', '0', '0', '1559386208', '20,604', '0,9', '18,5436'),
(444, '2019-06-01 12:55:00', 5117, '69451,68', '178210841,5', '0', '0,24', '1899089,64', '696011,28', '0', '-244,204', '0', '244,204', '0', '20,35', '0', '0', '0', '1559386508', '20,35', '0,9', '18,315'),
(445, '2019-06-01 13:00:00', 5117, '69451,68', '178231026,5', '0', '0,24', '1899089,64', '696011,28', '0', '-242,22', '0', '242,22', '0', '20,185', '0', '0', '0', '1559386808', '20,185', '0,9', '18,1665'),
(446, '2019-06-01 13:05:00', 5117, '69451,68', '178250998,1', '0', '0,24', '1899089,64', '696011,28', '0', '-239,659', '0', '239,659', '0', '19,972', '0', '0', '0', '1559387108', '19,972', '0,9', '17,9748'),
(447, '2019-06-01 13:10:00', 5117, '69451,68', '178270750,4', '0', '0,24', '1899089,64', '696011,28', '0', '-237,028', '0', '237,028', '0', '19,752', '0', '0', '0', '1559387408', '19,752', '0,9', '17,7768'),
(448, '2019-06-01 13:15:00', 5117, '69451,68', '178290481,9', '0', '0,24', '1899089,64', '696011,28', '0', '-235,991', '0', '235,991', '0', '19,732', '0', '0', '0', '1559387709', '19,732', '0,9', '17,7588'),
(449, '2019-06-01 13:20:00', 5117, '69451,68', '178309972,4', '0', '0,24', '1899089,64', '696011,28', '0', '-233,886', '0', '233,886', '0', '19,491', '0', '0', '0', '1559388009', '19,491', '0,9', '17,5419'),
(450, '2019-06-01 13:25:00', 5117, '69451,68', '178329168,1', '0', '0,24', '1899089,64', '696011,28', '0', '-231,119', '0', '231,119', '0', '19,196', '0', '0', '0', '1559388308', '19,196', '0,9', '17,2764'),
(451, '2019-06-01 13:30:00', 5117, '69451,68', '178348197,5', '0', '0,24', '1899089,64', '696011,28', '0', '-228,352', '0', '228,352', '0', '19,029', '0', '0', '0', '1559388608', '19,029', '0,9', '17,1261'),
(452, '2019-06-01 13:35:00', 5117, '69451,68', '178367086', '0', '0,24', '1899089,64', '696011,28', '0', '-226,662', '0', '226,662', '0', '18,889', '0', '0', '0', '1559388908', '18,889', '0,9', '17,0001'),
(453, '2019-06-01 13:40:00', 5117, '69451,68', '178385582,9', '0', '0,24', '1899089,64', '696011,28', '0', '-221,963', '0', '221,963', '0', '18,497', '0', '0', '0', '1559389208', '18,497', '0,9', '16,6473'),
(454, '2019-06-01 13:45:00', 5117, '69451,68', '178403864,2', '0', '0,24', '1899089,64', '696011,28', '0', '-219,375', '0', '219,375', '0', '18,281', '0', '0', '0', '1559389508', '18,281', '0,9', '16,4529'),
(455, '2019-06-01 13:50:00', 5117, '69451,68', '178421722,2', '0', '0,24', '1899089,64', '696011,28', '0', '-214,297', '0', '214,297', '0', '17,858', '0', '0', '0', '1559389808', '17,858', '0,9', '16,0722'),
(456, '2019-06-01 13:55:00', 5117, '69451,68', '178439350,1', '0', '0,24', '1899089,64', '696011,28', '0', '-210,832', '0', '210,832', '0', '17,628', '0', '0', '0', '1559390109', '17,628', '0,9', '15,8652'),
(457, '2019-06-01 14:00:00', 5117, '69451,68', '178456516,7', '0', '0,24', '1899089,64', '696011,28', '0', '-206,688', '0', '206,688', '0', '17,167', '0', '0', '0', '1559390408', '17,167', '0,9', '15,4503'),
(458, '2019-06-01 14:05:00', 5117, '69451,68', '178473278,3', '0', '0,24', '1899089,64', '696011,28', '0', '-201,139', '0', '201,139', '0', '16,762', '0', '0', '0', '1559390708', '16,762', '0,9', '15,0858'),
(459, '2019-06-01 14:10:00', 5117, '69451,68', '178489827,5', '0', '0,24', '1899089,64', '696011,28', '0', '-198,59', '0', '198,59', '0', '16,549', '0', '0', '0', '1559391008', '16,549', '0,9', '14,8941'),
(460, '2019-06-01 14:15:00', 5117, '69451,68', '178505923', '0', '0,24', '1899089,64', '696011,28', '0', '-193,146', '0', '193,146', '0', '16,096', '0', '0', '0', '1559391308', '16,096', '0,9', '14,4864'),
(461, '2019-06-01 14:20:00', 5117, '69451,68', '178521634,4', '0', '0,24', '1899089,64', '696011,28', '0', '-188,538', '0', '188,538', '0', '15,712', '0', '0', '0', '1559391608', '15,712', '0,9', '14,1408'),
(462, '2019-06-01 14:25:00', 5117, '69451,68', '178536889,6', '0', '0,24', '1899089,64', '696011,28', '0', '-183,061', '0', '183,061', '0', '15,255', '0', '0', '0', '1559391908', '15,255', '0,9', '13,7295'),
(463, '2019-06-01 14:30:00', 5117, '69451,68', '178551817,8', '0', '0,24', '1899089,64', '696011,28', '0', '-178,544', '0', '178,544', '0', '14,928', '0', '0', '0', '1559392209', '14,928', '0,9', '13,4352'),
(464, '2019-06-01 14:35:00', 5117, '69451,68', '178566323,2', '0', '0,24', '1899089,64', '696011,28', '0', '-174,064', '0', '174,064', '0', '14,505', '0', '0', '0', '1559392509', '14,505', '0,9', '13,0545'),
(465, '2019-06-01 14:40:00', 5117, '69451,68', '178580254,9', '0', '0,24', '1899089,64', '696011,28', '0', '-167,181', '0', '167,181', '0', '13,932', '0', '0', '0', '1559392809', '13,932', '0,9', '12,5388'),
(466, '2019-06-01 14:45:00', 5117, '69451,68', '178593687,7', '0', '0,24', '1899089,64', '696011,28', '0', '-161,733', '0', '161,733', '0', '13,433', '0', '0', '0', '1559393108', '13,433', '0,9', '12,0897'),
(467, '2019-06-01 14:50:00', 5117, '69451,68', '178606740,8', '0', '0,24', '1899089,64', '696011,28', '0', '-157,161', '0', '157,161', '0', '13,053', '0', '0', '0', '1559393407', '13,053', '0,9', '11,7477'),
(468, '2019-06-01 14:55:00', 5117, '69451,68', '178619309,3', '0', '0,24', '1899089,64', '696011,28', '0', '-150,32', '0', '150,32', '0', '12,568', '0', '0', '0', '1559393708', '12,568', '0,9', '11,3112'),
(469, '2019-06-01 15:00:00', 5117, '69451,68', '178631431,3', '0', '0,24', '1899089,64', '696011,28', '0', '-145,465', '0', '145,465', '0', '12,122', '0', '0', '0', '1559394008', '12,122', '0,9', '10,9098'),
(470, '2019-06-01 15:05:00', 5117, '69451,68', '178642970,2', '0', '0,24', '1899089,64', '696011,28', '0', '-138,466', '0', '138,466', '0', '11,539', '0', '0', '0', '1559394308', '11,539', '0,9', '10,3851'),
(471, '2019-06-01 15:10:00', 5117, '69451,68', '178654029,1', '0', '0,24', '1899089,64', '696011,28', '0', '-132,267', '0', '132,267', '0', '11,059', '0', '0', '0', '1559394609', '11,059', '0,9', '9,9531'),
(472, '2019-06-01 15:15:00', 5117, '69451,68', '178664560,7', '0', '0,24', '1899089,64', '696011,28', '0', '-126,801', '0', '126,801', '0', '10,532', '0', '0', '0', '1559394908', '10,532', '0,9', '9,4788'),
(473, '2019-06-01 15:20:00', 5117, '69451,68', '178674551,9', '0', '0,24', '1899089,64', '696011,28', '0', '-120,295', '0', '120,295', '0', '9,991', '0', '0', '0', '1559395207', '9,991', '0,9', '8,9919'),
(474, '2019-06-01 15:25:00', 5117, '69451,68', '178684088,5', '0', '0,24', '1899089,64', '696011,28', '0', '-114,06', '0', '114,06', '0', '9,537', '0', '0', '0', '1559395508', '9,537', '0,9', '8,5833'),
(475, '2019-06-01 15:30:00', 5117, '69451,68', '178693060', '0', '0,24', '1899089,64', '696011,28', '0', '-107,3', '0', '107,3', '0', '8,971', '0', '0', '0', '1559395809', '8,971', '0,9', '8,0739'),
(476, '2019-06-01 15:35:00', 5117, '69451,68', '178701437', '0', '0,24', '1899089,64', '696011,28', '0', '-100,861', '0', '100,861', '0', '8,377', '0', '0', '0', '1559396108', '8,377', '0,9', '7,5393'),
(477, '2019-06-01 15:40:00', 5117, '69451,68', '178709255', '0', '0,24', '1899089,64', '696011,28', '0', '-93,816', '0', '93,816', '0', '7,818', '0', '0', '0', '1559396408', '7,818', '0,9', '7,0362'),
(478, '2019-06-01 15:45:00', 5117, '69451,68', '178716524,4', '0', '0,24', '1899089,64', '696011,28', '0', '-90,223', '0', '90,223', '0', '7,544', '0', '0', '0', '1559396709', '7,544', '0,9', '6,7896'),
(479, '2019-06-01 15:50:00', 5117, '69451,68', '178723231,6', '0', '0,24', '1899089,64', '696011,28', '0', '-80,755', '0', '80,755', '0', '6,707', '0', '0', '0', '1559397008', '6,707', '0,9', '6,0363'),
(480, '2019-06-01 15:55:00', 5117, '69451,68', '178729369', '0', '0,24', '1899089,64', '696011,28', '0', '-73,649', '0', '73,649', '0', '6,137', '0', '0', '0', '1559397308', '6,137', '0,9', '5,5233'),
(481, '2019-06-01 16:00:00', 5117, '69451,68', '178734965,8', '0', '0,24', '1899089,64', '696011,28', '0', '-67,162', '0', '67,162', '0', '5,597', '0', '0', '0', '1559397608', '5,597', '0,9', '5,0373'),
(482, '2019-06-01 16:05:00', 5117, '69451,68', '178739970,7', '0', '0,24', '1899089,64', '696011,28', '0', '-60,06', '0', '60,06', '0', '5,005', '0', '0', '0', '1559397908', '5,005', '0,9', '4,5045'),
(483, '2019-06-01 16:10:00', 5117, '69451,68', '178744469,5', '0', '0,24', '1899089,64', '696011,28', '0', '-53,986', '0', '53,986', '0', '4,499', '0', '0', '0', '1559398208', '4,499', '0,9', '4,0491'),
(484, '2019-06-01 16:15:00', 5117, '69451,68', '178748400,8', '0', '0,24', '1899089,64', '696011,28', '0', '-47,176', '0', '47,176', '0', '3,931', '0', '0', '0', '1559398508', '3,931', '0,9', '3,5379'),
(485, '2019-06-01 16:20:00', 5117, '69451,68', '178751845', '0', '0,24', '1899089,64', '696011,28', '0', '-41,192', '0', '41,192', '0', '3,444', '0', '0', '0', '1559398809', '3,444', '0,9', '3,0996'),
(486, '2019-06-01 16:25:00', 5117, '69451,68', '178754770,7', '0', '0,24', '1899089,64', '696011,28', '0', '-35,226', '0', '35,226', '0', '2,926', '0', '0', '0', '1559399108', '2,926', '0,9', '2,6334'),
(487, '2019-06-01 16:30:00', 5117, '69451,68', '178757236', '0', '0,24', '1899089,64', '696011,28', '0', '-29,583', '0', '29,583', '0', '2,465', '0', '0', '0', '1559399408', '2,465', '0,9', '2,2185'),
(488, '2019-06-01 16:35:00', 5117, '69451,68', '178759232,4', '0', '0,24', '1899089,64', '696011,28', '0', '-23,957', '0', '23,957', '0', '1,996', '0', '0', '0', '1559399708', '1,996', '0,9', '1,7964'),
(489, '2019-06-01 16:40:00', 5117, '69451,68', '178760790,2', '0', '0,24', '1899089,64', '696011,28', '0', '-18,694', '0', '18,694', '0', '1,558', '0', '0', '0', '1559400008', '1,558', '0,9', '1,4022'),
(490, '2019-06-01 16:45:00', 5117, '69451,68', '178761932,8', '0', '0,24', '1899089,64', '696011,28', '0', '-13,71', '0', '13,71', '0', '1,143', '0', '0', '0', '1559400308', '1,143', '0,9', '1,0287'),
(491, '2019-06-01 16:50:00', 5117, '69451,68', '178762783,8', '0', '0,24', '1899089,64', '696011,28', '0', '-10,179', '0', '10,179', '0', '0,851', '0', '0', '0', '1559400609', '0,851', '0,9', '0,7659'),
(492, '2019-06-01 16:55:00', 5117, '69451,68', '178763423', '0', '0,24', '1899089,64', '696011,28', '0', '-7,697', '0', '7,697', '0', '0,639', '0', '0', '0', '1559400908', '0,639', '0,9', '0,5751'),
(493, '2019-06-01 17:00:00', 5117, '69451,68', '178763898,4', '0', '0,24', '1899089,64', '696011,28', '0', '-5,685', '0', '5,685', '0', '0,475', '0', '0', '0', '1559401209', '0,475', '0,9', '0,4275'),
(494, '2019-06-01 17:05:00', 5117, '69451,68', '178764252', '0', '0,24', '1899089,64', '696011,28', '0', '-4,244', '0', '4,244', '0', '0,354', '0', '0', '0', '1559401509', '0,354', '0,9', '0,3186'),
(495, '2019-06-01 17:10:00', 5117, '69451,68', '178764502,4', '0', '0,24', '1899089,64', '696011,28', '0', '-3,005', '0', '3,005', '0', '0,25', '0', '0', '0', '1559401809', '0,25', '0,9', '0,225'),
(496, '2019-06-01 17:15:00', 5117, '69451,68', '178764661,7', '0', '0,24', '1899089,64', '696011,28', '0', '-1,911', '0', '1,911', '0', '0,159', '0', '0', '0', '1559402109', '0,159', '0,9', '0,1431'),
(497, '2019-06-01 17:20:00', 5117, '69451,68', '178764738,8', '0', '0,24', '1899089,64', '696011,28', '0', '-0,929', '0', '0,929', '0', '0,077', '0', '0', '0', '1559402408', '0,077', '0,9', '0,0693'),
(498, '2019-06-01 17:25:00', 5117, '69451,68', '178764750,5', '0', '0,24', '1899172,32', '696011,28', '0', '-0,14', '-0,992', '1,002', '0', '0,012', '0,083', '0', '0', '1559402708', '0,012', '0,9', '0,0108');
INSERT INTO `meter_data` (`id`, `t_stamp`, `meter_id`, `impwh`, `expwh`, `q1varh`, `q2varh`, `q3varh`, `q4varh`, `vah`, `ptot`, `qtot`, `stot`, `difference_imp_kwh`, `difference_exp_kwh`, `expkvarh`, `impkvarh`, `derived_data`, `epoch_tstamp`, `kwh`, `rate_per_kwh`, `cost`) VALUES
(499, '2019-06-01 17:30:00', 5117, '69451,68', '178764750,5', '0', '0,24', '1899359,52', '696011,28', '0', '0', '-2,246', '2,246', '0', '0', '0,187', '0', '0', '1559403008', '0', '0,9', '0'),
(500, '2019-06-01 17:35:00', 5117, '69451,68', '178764750,5', '0', '0,24', '1899556,44', '696011,28', '0', '0', '-2,363', '2,363', '0', '0', '0,197', '0', '0', '1559403308', '0', '0,9', '0'),
(501, '2019-06-01 17:40:00', 5117, '69451,68', '178764750,5', '0', '0,24', '1899756,36', '696011,28', '0', '0', '-2,391', '2,391', '0', '0', '0,2', '0', '0', '1559403609', '0', '0,9', '0'),
(502, '2019-06-01 17:45:00', 5117, '69451,68', '178764750,5', '0', '0,24', '1899955,32', '696011,28', '0', '0', '-2,396', '2,396', '0', '0', '0,199', '0', '0', '1559403908', '0', '0,9', '0'),
(503, '2019-06-01 17:50:00', 5117, '69451,68', '178764750,5', '0', '0,24', '1900159,08', '696011,28', '0', '0', '-2,437', '2,437', '0', '0', '0,204', '0', '0', '1559404209', '0', '0,9', '0'),
(504, '2019-06-01 17:55:00', 5117, '69451,68', '178764750,5', '0', '0,24', '1900362,12', '696011,28', '0', '0', '-2,445', '2,445', '0', '0', '0,203', '0', '0', '1559404508', '0', '0,9', '0'),
(505, '2019-06-01 18:00:00', 5117, '69451,68', '178764750,5', '0', '0,24', '1900565,64', '696011,28', '0', '0', '-2,442', '2,442', '0', '0', '0,204', '0', '0', '1559404808', '0', '0,9', '0'),
(506, '2019-06-01 18:05:00', 5117, '69451,68', '178764750,5', '0', '0,24', '1900769,04', '696011,28', '0', '0', '-2,433', '2,433', '0', '0', '0,203', '0', '0', '1559405109', '0', '0,9', '0'),
(507, '2019-06-01 18:10:00', 5117, '69451,68', '178764750,5', '0', '0,24', '1900971,24', '696011,28', '0', '0', '-2,435', '2,435', '0', '0', '0,202', '0', '0', '1559405408', '0', '0,9', '0'),
(508, '2019-06-01 18:15:00', 5117, '69451,68', '178764750,5', '0', '0,24', '1901174,28', '696011,28', '0', '0', '-2,428', '2,428', '0', '0', '0,203', '0', '0', '1559405709', '0', '0,9', '0'),
(509, '2019-06-01 18:20:00', 5117, '69451,68', '178764750,5', '0', '0,24', '1901375,64', '696011,28', '0', '0', '-2,426', '2,426', '0', '0', '0,202', '0', '0', '1559406008', '0', '0,9', '0'),
(510, '2019-06-01 18:25:00', 5117, '69451,68', '178764750,5', '0', '0,24', '1901579,4', '696011,28', '0', '0', '-2,437', '2,437', '0', '0', '0,204', '0', '0', '1559406309', '0', '0,9', '0'),
(511, '2019-06-01 18:30:00', 5117, '69451,68', '178764750,5', '0', '0,24', '1901780,76', '696011,28', '0', '0', '-2,424', '2,424', '0', '0', '0,201', '0', '0', '1559406608', '0', '0,9', '0'),
(512, '2019-06-01 18:35:00', 5117, '69451,68', '178764750,5', '0', '0,24', '1901984,28', '696011,28', '0', '0', '-2,442', '2,442', '0', '0', '0,204', '0', '0', '1559406908', '0', '0,9', '0'),
(513, '2019-06-01 18:40:00', 5117, '69451,68', '178764750,5', '0', '0,24', '1902187,08', '696011,28', '0', '0', '-2,434', '2,434', '0', '0', '0,203', '0', '0', '1559407208', '0', '0,9', '0'),
(514, '2019-06-01 18:45:00', 5117, '69451,68', '178764750,5', '0', '0,24', '1902389,76', '696011,28', '0', '0', '-2,432', '2,432', '0', '0', '0,203', '0', '0', '1559407508', '0', '0,9', '0'),
(515, '2019-06-01 18:50:00', 5117, '69451,68', '178764750,5', '0', '0,24', '1902591,84', '696011,28', '0', '0', '-2,425', '2,425', '0', '0', '0,202', '0', '0', '1559407808', '0', '0,9', '0'),
(516, '2019-06-01 18:55:00', 5117, '69451,68', '178764750,5', '0', '0,24', '1902795,48', '696011,28', '0', '0', '-2,444', '2,444', '0', '0', '0,204', '0', '0', '1559408108', '0', '0,9', '0'),
(517, '2019-06-01 19:00:00', 5117, '69451,68', '178764750,5', '0', '0,24', '1903000,56', '696011,28', '0', '0', '-2,453', '2,453', '0', '0', '0,205', '0', '0', '1559408409', '0', '0,9', '0'),
(518, '2019-06-01 19:05:00', 5117, '69451,68', '178764750,5', '0', '0,24', '1903205,28', '696011,28', '0', '0', '-2,465', '2,465', '0', '0', '0,205', '0', '0', '1559408708', '0', '0,9', '0'),
(519, '2019-06-01 19:10:00', 5117, '69451,68', '178764750,5', '0', '0,24', '1903409,64', '696011,28', '0', '0', '-2,452', '2,452', '0', '0', '0,204', '0', '0', '1559409008', '0', '0,9', '0'),
(520, '2019-06-01 19:15:00', 5117, '69451,68', '178764750,5', '0', '0,24', '1903615,68', '696011,28', '0', '0', '-2,473', '2,473', '0', '0', '0,206', '0', '0', '1559409308', '0', '0,9', '0'),
(521, '2019-06-01 19:20:00', 5117, '69451,68', '178764750,5', '0', '0,24', '1903820,4', '696011,28', '0', '0', '-2,457', '2,457', '0', '0', '0,205', '0', '0', '1559409608', '0', '0,9', '0'),
(522, '2019-06-01 19:25:00', 5117, '69451,68', '178764750,5', '0', '0,24', '1904026,68', '696011,28', '0', '0', '-2,467', '2,467', '0', '0', '0,206', '0', '0', '1559409909', '0', '0,9', '0'),
(523, '2019-06-01 19:30:00', 5117, '69451,68', '178764750,5', '0', '0,24', '1904231,52', '696011,28', '0', '0', '-2,466', '2,466', '0', '0', '0,205', '0', '0', '1559410208', '0', '0,9', '0'),
(524, '2019-06-01 19:35:00', 5117, '69451,68', '178764750,5', '0', '0,24', '1904436,72', '696011,28', '0', '0', '-2,454', '2,454', '0', '0', '0,205', '0', '0', '1559410509', '0', '0,9', '0'),
(525, '2019-06-01 19:40:00', 5117, '69451,68', '178764750,5', '0', '0,24', '1904641,32', '696011,28', '0', '0', '-2,463', '2,463', '0', '0', '0,205', '0', '0', '1559410808', '0', '0,9', '0'),
(526, '2019-06-01 19:45:00', 5117, '69451,68', '178764750,5', '0', '0,24', '1904846,64', '696011,28', '0', '0', '-2,464', '2,464', '0', '0', '0,205', '0', '0', '1559411108', '0', '0,9', '0'),
(527, '2019-06-01 19:50:00', 5117, '69451,68', '178764750,5', '0', '0,24', '1905051,48', '696011,28', '0', '0', '-2,458', '2,458', '0', '0', '0,205', '0', '0', '1559411408', '0', '0,9', '0'),
(528, '2019-06-01 19:55:00', 5117, '69451,68', '178764750,5', '0', '0,24', '1905256,68', '696011,28', '0', '0', '-2,462', '2,462', '0', '0', '0,205', '0', '0', '1559411708', '0', '0,9', '0'),
(529, '2019-06-01 20:00:00', 5117, '69451,68', '178764750,5', '0', '0,24', '1905462,48', '696011,28', '0', '0', '-2,461', '2,461', '0', '0', '0,206', '0', '0', '1559412009', '0', '0,9', '0'),
(530, '2019-06-01 20:05:00', 5117, '69451,68', '178764750,5', '0', '0,24', '1905665,88', '696011,28', '0', '0', '-2,449', '2,449', '0', '0', '0,203', '0', '0', '1559412308', '0', '0,9', '0'),
(531, '2019-06-01 20:10:00', 5117, '69451,68', '178764750,5', '0', '0,24', '1905870,72', '696011,28', '0', '0', '-2,458', '2,458', '0', '0', '0,205', '0', '0', '1559412608', '0', '0,9', '0'),
(532, '2019-06-01 20:15:00', 5117, '69451,68', '178764750,5', '0', '0,24', '1906069,92', '696011,28', '0', '0', '-2,39', '2,39', '0', '0', '0,199', '0', '0', '1559412908', '0', '0,9', '0'),
(533, '2019-06-01 20:20:00', 5117, '69451,68', '178764750,5', '0', '0,24', '1906268,16', '696011,28', '0', '0', '-2,379', '2,379', '0', '0', '0,198', '0', '0', '1559413208', '0', '0,9', '0'),
(534, '2019-06-01 20:25:00', 5117, '69451,68', '178764750,5', '0', '0,24', '1906469,04', '696011,28', '0', '0', '-2,411', '2,411', '0', '0', '0,201', '0', '0', '1559413508', '0', '0,9', '0'),
(535, '2019-06-01 20:30:00', 5117, '69451,68', '178764750,5', '0', '0,24', '1906671,72', '696011,28', '0', '0', '-2,432', '2,432', '0', '0', '0,203', '0', '0', '1559413808', '0', '0,9', '0'),
(536, '2019-06-01 20:35:00', 5117, '69451,68', '178764750,5', '0', '0,24', '1906873,08', '696011,28', '0', '0', '-2,416', '2,416', '0', '0', '0,201', '0', '0', '1559414108', '0', '0,9', '0'),
(537, '2019-06-01 20:40:00', 5117, '69451,68', '178764750,5', '0', '0,24', '1907074,92', '696011,28', '0', '0', '-2,414', '2,414', '0', '0', '0,202', '0', '0', '1559414409', '0', '0,9', '0'),
(538, '2019-06-01 20:45:00', 5117, '69451,68', '178764750,5', '0', '0,24', '1907275,92', '696011,28', '0', '0', '-2,412', '2,412', '0', '0', '0,201', '0', '0', '1559414709', '0', '0,9', '0'),
(539, '2019-06-01 20:50:00', 5117, '69451,68', '178764750,5', '0', '0,24', '1907478,12', '696011,28', '0', '0', '-2,435', '2,435', '0', '0', '0,202', '0', '0', '1559415008', '0', '0,9', '0'),
(540, '2019-06-01 20:55:00', 5117, '69451,68', '178764750,5', '0', '0,24', '1907679,84', '696011,28', '0', '0', '-2,421', '2,421', '0', '0', '0,202', '0', '0', '1559415308', '0', '0,9', '0'),
(541, '2019-06-01 21:00:00', 5117, '69451,68', '178764750,5', '0', '0,24', '1907883', '696011,28', '0', '0', '-2,43', '2,43', '0', '0', '0,203', '0', '0', '1559415609', '0', '0,9', '0'),
(542, '2019-06-01 21:05:00', 5117, '69451,68', '178764750,5', '0', '0,24', '1908085,2', '696011,28', '0', '0', '-2,435', '2,435', '0', '0', '0,202', '0', '0', '1559415908', '0', '0,9', '0'),
(543, '2019-06-01 21:10:00', 5117, '69451,68', '178764750,5', '0', '0,24', '1908288,6', '696011,28', '0', '0', '-2,441', '2,441', '0', '0', '0,203', '0', '0', '1559416208', '0', '0,9', '0'),
(544, '2019-06-01 21:15:00', 5117, '69451,68', '178764750,5', '0', '0,24', '1908491,52', '696011,28', '0', '0', '-2,435', '2,435', '0', '0', '0,203', '0', '0', '1559416508', '0', '0,9', '0'),
(545, '2019-06-01 21:20:00', 5117, '69451,68', '178764750,5', '0', '0,24', '1908694,08', '696011,28', '0', '0', '-2,423', '2,423', '0', '0', '0,203', '0', '0', '1559416809', '0', '0,9', '0'),
(546, '2019-06-01 21:25:00', 5117, '69451,68', '178764750,5', '0', '0,24', '1908895,8', '696011,28', '0', '0', '-2,429', '2,429', '0', '0', '0,202', '0', '0', '1559417108', '0', '0,9', '0'),
(547, '2019-06-01 21:30:00', 5117, '69451,68', '178764750,5', '0', '0,24', '1909099,08', '696011,28', '0', '0', '-2,431', '2,431', '0', '0', '0,203', '0', '0', '1559417409', '0', '0,9', '0'),
(548, '2019-06-01 21:35:00', 5117, '69451,68', '178764750,5', '0', '0,24', '1909303,32', '696011,28', '0', '0', '-2,459', '2,459', '0', '0', '0,204', '0', '0', '1559417708', '0', '0,9', '0'),
(549, '2019-06-01 21:40:00', 5117, '69451,68', '178764750,5', '0', '0,24', '1909506,12', '696011,28', '0', '0', '-2,434', '2,434', '0', '0', '0,203', '0', '0', '1559418008', '0', '0,9', '0'),
(550, '2019-06-01 21:45:00', 5117, '69451,68', '178764750,5', '0', '0,24', '1909709,4', '696011,28', '0', '0', '-2,431', '2,431', '0', '0', '0,203', '0', '0', '1559418309', '0', '0,9', '0'),
(551, '2019-06-01 21:50:00', 5117, '69451,68', '178764750,5', '0', '0,24', '1909912,8', '696011,28', '0', '0', '-2,449', '2,449', '0', '0', '0,203', '0', '0', '1559418608', '0', '0,9', '0'),
(552, '2019-06-01 21:55:00', 5117, '69451,68', '178764750,5', '0', '0,24', '1910118,12', '696011,28', '0', '0', '-2,464', '2,464', '0', '0', '0,205', '0', '0', '1559418908', '0', '0,9', '0'),
(553, '2019-06-01 22:00:00', 5117, '69451,68', '178764750,5', '0', '0,24', '1910324,88', '696011,28', '0', '0', '-2,481', '2,481', '0', '0', '0,207', '0', '0', '1559419208', '0', '0,9', '0'),
(554, '2019-06-01 22:05:00', 5117, '69451,68', '178764750,5', '0', '0,24', '1910529', '696011,28', '0', '0', '-2,465', '2,465', '0', '0', '0,205', '0', '0', '1559419508', '0', '0,9', '0'),
(555, '2019-06-01 22:10:00', 5117, '69451,68', '178764750,5', '0', '0,24', '1910734,8', '696011,28', '0', '0', '-2,47', '2,47', '0', '0', '0,206', '0', '0', '1559419808', '0', '0,9', '0'),
(556, '2019-06-01 22:15:00', 5117, '69451,68', '178764750,5', '0', '0,24', '1910938,68', '696011,28', '0', '0', '-2,447', '2,447', '0', '0', '0,204', '0', '0', '1559420108', '0', '0,9', '0'),
(557, '2019-06-01 22:20:00', 5117, '69451,68', '178764750,5', '0', '0,24', '1911139,92', '696011,28', '0', '0', '-2,415', '2,415', '0', '0', '0,201', '0', '0', '1559420408', '0', '0,9', '0'),
(558, '2019-06-01 22:25:00', 5117, '69451,68', '178764750,5', '0', '0,24', '1911343,56', '696011,28', '0', '0', '-2,444', '2,444', '0', '0', '0,204', '0', '0', '1559420708', '0', '0,9', '0'),
(559, '2019-06-01 22:30:00', 5117, '69451,68', '178764750,5', '0', '0,24', '1911548,16', '696011,28', '0', '0', '-2,455', '2,455', '0', '0', '0,205', '0', '0', '1559421008', '0', '0,9', '0'),
(560, '2019-06-01 22:35:00', 5117, '69451,68', '178764750,5', '0', '0,24', '1911751,68', '696011,28', '0', '0', '-2,442', '2,442', '0', '0', '0,204', '0', '0', '1559421308', '0', '0,9', '0'),
(561, '2019-06-01 22:40:00', 5117, '69451,68', '178764750,5', '0', '0,24', '1911957,24', '696011,28', '0', '0', '-2,467', '2,467', '0', '0', '0,206', '0', '0', '1559421608', '0', '0,9', '0'),
(562, '2019-06-01 22:45:00', 5117, '69451,68', '178764750,5', '0', '0,24', '1912162,2', '696011,28', '0', '0', '-2,46', '2,46', '0', '0', '0,205', '0', '0', '1559421908', '0', '0,9', '0'),
(563, '2019-06-01 22:50:00', 5117, '69451,68', '178764750,5', '0', '0,24', '1912370,04', '696011,28', '0', '0', '-2,486', '2,486', '0', '0', '0,208', '0', '0', '1559422209', '0', '0,9', '0'),
(564, '2019-06-01 22:55:00', 5117, '69451,68', '178764750,5', '0', '0,24', '1912577,28', '696011,28', '0', '0', '-2,495', '2,495', '0', '0', '0,207', '0', '0', '1559422508', '0', '0,9', '0'),
(565, '2019-06-01 23:00:00', 5117, '69451,68', '178764750,5', '0', '0,24', '1912784,52', '696011,28', '0', '0', '-2,487', '2,487', '0', '0', '0,207', '0', '0', '1559422808', '0', '0,9', '0'),
(566, '2019-06-01 23:05:00', 5117, '69451,68', '178764750,5', '0', '0,24', '1912988,16', '696011,28', '0', '0', '-2,452', '2,452', '0', '0', '0,204', '0', '0', '1559423107', '0', '0,9', '0'),
(567, '2019-06-01 23:10:00', 5117, '69451,68', '178764750,5', '0', '0,24', '1913193,72', '696011,28', '0', '0', '-2,467', '2,467', '0', '0', '0,206', '0', '0', '1559423407', '0', '0,9', '0'),
(568, '2019-06-01 23:15:00', 5117, '69451,68', '178764750,5', '0', '0,24', '1913400,48', '696011,28', '0', '0', '-2,473', '2,473', '0', '0', '0,207', '0', '0', '1559423708', '0', '0,9', '0'),
(569, '2019-06-01 23:20:00', 5117, '69451,68', '178764750,5', '0', '0,24', '1913607,84', '696011,28', '0', '0', '-2,48', '2,48', '0', '0', '0,207', '0', '0', '1559424009', '0', '0,9', '0'),
(570, '2019-06-01 23:25:00', 5117, '69451,68', '178764750,5', '0', '0,24', '1913813,4', '696011,28', '0', '0', '-2,475', '2,475', '0', '0', '0,206', '0', '0', '1559424308', '0', '0,9', '0'),
(571, '2019-06-01 23:30:00', 5117, '69451,68', '178764750,5', '0', '0,24', '1914019,68', '696011,28', '0', '0', '-2,475', '2,475', '0', '0', '0,206', '0', '0', '1559424608', '0', '0,9', '0'),
(572, '2019-06-01 23:35:00', 5117, '69451,68', '178764750,5', '0', '0,24', '1914227,28', '696011,28', '0', '0', '-2,483', '2,483', '0', '0', '0,208', '0', '0', '1559424909', '0', '0,9', '0'),
(573, '2019-06-01 23:40:00', 5117, '69451,68', '178764750,5', '0', '0,24', '1914434,28', '696011,28', '0', '0', '-2,492', '2,492', '0', '0', '0,207', '0', '0', '1559425208', '0', '0,9', '0'),
(574, '2019-06-01 23:45:00', 5117, '69451,68', '178764750,5', '0', '0,24', '1914640,32', '696011,28', '0', '0', '-2,473', '2,473', '0', '0', '0,206', '0', '0', '1559425508', '0', '0,9', '0'),
(575, '2019-06-01 23:50:00', 5117, '69451,68', '178764750,5', '0', '0,24', '1914847,08', '696011,28', '0', '0', '-2,473', '2,473', '0', '0', '0,207', '0', '0', '1559425809', '0', '0,9', '0'),
(576, '2019-06-01 23:55:00', 5117, '69451,68', '178764750,5', '0', '0,24', '1915053,36', '696011,28', '0', '0', '-2,475', '2,475', '0', '0', '0,206', '0', '0', '1559426109', '0', '0,9', '0'),
(865, '2021-01-01 20:30:52', 7746, '01', '22', '0', '0', '0', '0', '0', '0', '0', '4', '45', '5', '5', '22', '10', '1559340008', '60', '0.9', '05236'),
(868, '2022-10-03 21:32:28', 4582, '1', '1', '3', '3', '2', '1', '33', '1', '3', '1', '1', '1', '1', '1', '1', '1', '1', '2', '1');

-- --------------------------------------------------------

--
-- Stand-in structure for view `meter_data_view`
-- (See below for the actual view)
--
CREATE TABLE `meter_data_view` (
`meter_id` int(11)
,`meter_name` varchar(40)
,`t_stamp` datetime
,`impwh` varchar(40)
,`expwh` varchar(40)
,`q1varh` varchar(40)
,`q2varh` varchar(40)
,`q3varh` varchar(40)
,`q4varh` varchar(40)
,`vah` varchar(40)
,`ptot` varchar(40)
,`qtot` varchar(40)
,`stot` varchar(40)
,`difference_imp_kwh` varchar(40)
,`difference_exp_kwh` varchar(40)
,`expkvarh` varchar(40)
,`impkvarh` varchar(40)
,`derived_data` varchar(40)
,`epoch_tstamp` varchar(40)
,`kwh` varchar(40)
,`rate_per_kwh` varchar(40)
,`cost` varchar(40)
);

-- --------------------------------------------------------

--
-- Structure for view `meter_data_view`
--
DROP TABLE IF EXISTS `meter_data_view`;

CREATE ALGORITHM=TEMPTABLE DEFINER=`root`@`localhost` SQL SECURITY DEFINER VIEW `meter_data_view`  AS SELECT `meter`.`meter_id` AS `meter_id`, `meter`.`meter_name` AS `meter_name`, `mtd`.`t_stamp` AS `t_stamp`, `mtd`.`impwh` AS `impwh`, `mtd`.`expwh` AS `expwh`, `mtd`.`q1varh` AS `q1varh`, `mtd`.`q2varh` AS `q2varh`, `mtd`.`q3varh` AS `q3varh`, `mtd`.`q4varh` AS `q4varh`, `mtd`.`vah` AS `vah`, `mtd`.`ptot` AS `ptot`, `mtd`.`qtot` AS `qtot`, `mtd`.`stot` AS `stot`, `mtd`.`difference_imp_kwh` AS `difference_imp_kwh`, `mtd`.`difference_exp_kwh` AS `difference_exp_kwh`, `mtd`.`expkvarh` AS `expkvarh`, `mtd`.`impkvarh` AS `impkvarh`, `mtd`.`derived_data` AS `derived_data`, `mtd`.`epoch_tstamp` AS `epoch_tstamp`, `mtd`.`kwh` AS `kwh`, `mtd`.`rate_per_kwh` AS `rate_per_kwh`, `mtd`.`cost` AS `cost` FROM (`meter` left join `meter_data` `mtd` on(`meter`.`meter_id` = `mtd`.`meter_id`)) WHERE `mtd`.`t_stamp` is not null ;

--
-- Indexes for dumped tables
--

--
-- Indexes for table `meter`
--
ALTER TABLE `meter`
  ADD PRIMARY KEY (`meter_id`);

--
-- Indexes for table `meter_daily_summary`
--
ALTER TABLE `meter_daily_summary`
  ADD PRIMARY KEY (`id`),
  ADD KEY `meter_id` (`meter_id`);

--
-- Indexes for table `meter_data`
--
ALTER TABLE `meter_data`
  ADD PRIMARY KEY (`id`),
  ADD KEY `meter_id` (`meter_id`);

--
-- AUTO_INCREMENT for dumped tables
--

--
-- AUTO_INCREMENT for table `meter_daily_summary`
--
ALTER TABLE `meter_daily_summary`
  MODIFY `id` int(11) NOT NULL AUTO_INCREMENT, AUTO_INCREMENT=4;

--
-- AUTO_INCREMENT for table `meter_data`
--
ALTER TABLE `meter_data`
  MODIFY `id` int(11) NOT NULL AUTO_INCREMENT, AUTO_INCREMENT=869;

--
-- Constraints for dumped tables
--

--
-- Constraints for table `meter_daily_summary`
--
ALTER TABLE `meter_daily_summary`
  ADD CONSTRAINT `meter_daily_summary_ibfk_1` FOREIGN KEY (`meter_id`) REFERENCES `meter` (`meter_id`) ON DELETE CASCADE ON UPDATE CASCADE;

--
-- Constraints for table `meter_data`
--
ALTER TABLE `meter_data`
  ADD CONSTRAINT `meter_data_ibfk_1` FOREIGN KEY (`meter_id`) REFERENCES `meter` (`meter_id`) ON DELETE CASCADE ON UPDATE CASCADE;
COMMIT;

/*!40101 SET CHARACTER_SET_CLIENT=@OLD_CHARACTER_SET_CLIENT */;
/*!40101 SET CHARACTER_SET_RESULTS=@OLD_CHARACTER_SET_RESULTS */;
/*!40101 SET COLLATION_CONNECTION=@OLD_COLLATION_CONNECTION */;
